{
"type": "FeatureCollection",
"name": "points_monde",
"crs": { "type": "name", "properties": { "name": "urn:ogc:def:crs:OGC:1.3:CRS84" } },
"features": [
{ "type": "Feature", "properties": { "A_Nom": "Amburnex-Combe/Sèche de Gimel", "B_Massif": "Jura", "C_Sous_ensemble": "Jura Vaudois", "E_Departement": "", "F_Commune": "Le Chenit", "G_INSEE": "Suisse", "I_Coordonnees": "46.535419;6.218099", "J_Precision": "1", "K_Etat": "F", "L_Mesures": "O", "Lien_données": "https://www.agrometeo.ch", "Matériel": "Campbell-CR100", "Nature_sol": "", "TAF habité?": "non", "T_Période de relevés": "Année 1950 - en cours", "Tnn": "-46", "Tnn (date)": "01/01/1985", "Tnn_Source données": "https://kaltluftseen.ch/daten-von-kaltluftseen/combe-des-amburnex/", "Altitude": 1285, "Profondeur": 38, "Superficie_ha": 305.0 }, "geometry": { "type": "Point", "coordinates": [ 6.218099, 46.535419, 0.0 ] } },
{ "type": "Feature", "properties": { "A_Nom": "Audabiac", "B_Massif": "Massif Central", "C_Sous_ensemble": "Gard", "E_Departement": "30", "F_Commune": "Lussan", "G_INSEE": "30151", "I_Coordonnees": "44.132482;4.404049", "J_Precision": "1", "K_Etat": "O", "L_Mesures": "O", "Lien_données": "", "Matériel": "", "Nature_sol": "", "TAF habité?": "", "T_Période de relevés": "", "Tnn": "", "Tnn (date)": "", "Tnn_Source données": "", "Altitude": 220, "Profondeur": null, "Superficie_ha": null }, "geometry": { "type": "Point", "coordinates": [ 4.404049, 44.132482, 0.0 ] } },
{ "type": "Feature", "properties": { "A_Nom": "Baerenthal", "B_Massif": "Vosges", "C_Sous_ensemble": "", "E_Departement": "57", "F_Commune": "Baerenthal", "G_INSEE": "57046", "I_Coordonnees": "48.981513;7.516934", "J_Precision": "1", "K_Etat": "O", "L_Mesures": "O", "Lien_données": "https://www.infoclimat.fr/observations-meteo/temps-reel/baerenthal/STATIC0076.html", "Matériel": "Davis Instruments VP2", "Nature_sol": "t1b-Grès bigarré moyen. Grès vosgien inférieur", "TAF habité?": "oui", "T_Période de relevés": "05/09/2022 - en cours", "Tnn": "-13,7", "Tnn (date)": "20/01/2024", "Tnn_Source données": "https://www.infoclimat.fr/climatologie/normales-records/1991-2020/baerenthal/valeurs/STATIC0076.html", "Altitude": 212, "Profondeur": 0, "Superficie_ha": null }, "geometry": { "type": "Point", "coordinates": [ 7.516934, 48.981513, 0.0 ] } },
{ "type": "Feature", "properties": { "A_Nom": "Bannmühle-Büllingen", "B_Massif": "Ardenne", "C_Sous_ensemble": "", "E_Departement": "", "F_Commune": "Bullingen/Bulange", "G_INSEE": "Belgique", "I_Coordonnees": "50.398844;6.270535", "J_Precision": "2", "K_Etat": "O", "L_Mesures": "O", "Lien_données": "", "Matériel": "", "Nature_sol": "", "TAF habité?": "", "T_Période de relevés": "", "Tnn": "", "Tnn (date)": "", "Tnn_Source données": "", "Altitude": 565, "Profondeur": null, "Superficie_ha": null }, "geometry": { "type": "Point", "coordinates": [ 6.270535, 50.398844, 0.0 ] } },
{ "type": "Feature", "properties": { "A_Nom": "Baraque de Trémolet - Ouest", "B_Massif": "Massif Central", "C_Sous_ensemble": "Causse de Sauveterre", "E_Departement": "48", "F_Commune": "Massegros Causses Gorges", "G_INSEE": "48094", "I_Coordonnees": "44.34326363035641;3.216210822216273", "J_Precision": "1", "K_Etat": "F", "L_Mesures": "N", "Lien_données": "", "Matériel": "", "Nature_sol": "", "TAF habité?": "", "T_Période de relevés": "", "Tnn": "", "Tnn (date)": "", "Tnn_Source données": "", "Altitude": 811, "Profondeur": 13, "Superficie_ha": 38.8 }, "geometry": { "type": "Point", "coordinates": [ 3.216210822216273, 44.343263630356411, 0.0 ] } },
{ "type": "Feature", "properties": { "A_Nom": "Barișca", "B_Massif": "Carpates", "C_Sous_ensemble": "Munții Carpați - Carpații Occidentali Românești", "E_Departement": "", "F_Commune": "Lunca", "G_INSEE": "", "I_Coordonnees": "46.459457;22.353895", "J_Precision": "1", "K_Etat": "F", "L_Mesures": "O", "Lien_données": "", "Matériel": "", "Nature_sol": "", "TAF habité?": "non", "T_Période de relevés": "", "Tnn": "-35,7", "Tnn (date)": "25/01/2022", "Tnn_Source données": "Andrei Bârlea", "Altitude": 660, "Profondeur": 60, "Superficie_ha": 33.0 }, "geometry": { "type": "Point", "coordinates": [ 22.353895, 46.459457, 0.0 ] } },
{ "type": "Feature", "properties": { "A_Nom": "Basse de l'Ours", "B_Massif": "Vosges", "C_Sous_ensemble": "", "E_Departement": "88", "F_Commune": "Gérardmer", "G_INSEE": "88196", "I_Coordonnees": "48.093093;6.889819", "J_Precision": "1", "K_Etat": "O", "L_Mesures": "O", "Lien_données": "", "Matériel": "", "Nature_sol": "", "TAF habité?": "", "T_Période de relevés": "", "Tnn": "", "Tnn (date)": "", "Tnn_Source données": "", "Altitude": 670, "Profondeur": null, "Superficie_ha": null }, "geometry": { "type": "Point", "coordinates": [ 6.889819, 48.093093, 0.0 ] } },
{ "type": "Feature", "properties": { "A_Nom": "Bassin sup. de l'Angillon", "B_Massif": "Jura", "C_Sous_ensemble": "Jura", "E_Departement": "39", "F_Commune": "Chapois", "G_INSEE": "39105", "I_Coordonnees": "46.833693;5.948992", "J_Precision": "3", "K_Etat": "O", "L_Mesures": "O", "Lien_données": "", "Matériel": "", "Nature_sol": "", "TAF habité?": "", "T_Période de relevés": "", "Tnn": "", "Tnn (date)": "", "Tnn_Source données": "", "Altitude": 650, "Profondeur": null, "Superficie_ha": null }, "geometry": { "type": "Point", "coordinates": [ 5.948992, 46.833693, 0.0 ] } },
{ "type": "Feature", "properties": { "A_Nom": "Bassin tourbeux de la Seuge supérieure", "B_Massif": "Massif Central", "C_Sous_ensemble": "Margeride", "E_Departement": "43", "F_Commune": "Chanaleilles", "G_INSEE": "43054", "I_Coordonnees": "44.863157;3.4575", "J_Precision": "3", "K_Etat": "O", "L_Mesures": "N", "Lien_données": "", "Matériel": "", "Nature_sol": "", "TAF habité?": "", "T_Période de relevés": "", "Tnn": "", "Tnn (date)": "", "Tnn_Source données": "", "Altitude": 1315, "Profondeur": null, "Superficie_ha": null }, "geometry": { "type": "Point", "coordinates": [ 3.4575, 44.863157, 0.0 ] } },
{ "type": "Feature", "properties": { "A_Nom": "Belbriette", "B_Massif": "Vosges", "C_Sous_ensemble": "", "E_Departement": "88", "F_Commune": "Xonrupt-Longemer", "G_INSEE": "88531", "I_Coordonnees": "48.082666;6.980524", "J_Precision": "2", "K_Etat": "O", "L_Mesures": "?", "Lien_données": "", "Matériel": "", "Nature_sol": "", "TAF habité?": "non", "T_Période de relevés": "", "Tnn": "", "Tnn (date)": "", "Tnn_Source données": "", "Altitude": 820, "Profondeur": 0, "Superficie_ha": null }, "geometry": { "type": "Point", "coordinates": [ 6.980524, 48.082666, 0.0 ] } },
{ "type": "Feature", "properties": { "A_Nom": "Bella Cattarina", "B_Massif": "Corse", "C_Sous_ensemble": "Causse de Bonifacio", "E_Departement": "2A", "F_Commune": "Bonifacio", "G_INSEE": "2A041", "I_Coordonnees": "41.379341724459444;9.192033316847603", "J_Precision": "1", "K_Etat": "F", "L_Mesures": "N", "Lien_données": "", "Matériel": "", "Nature_sol": "m2-3B - Formation de Bonifacio, calcarénites et sables fins consolidés du Miocène", "TAF habité?": "non", "T_Période de relevés": "", "Tnn": "", "Tnn (date)": "", "Tnn_Source données": "", "Altitude": 73, "Profondeur": 10, "Superficie_ha": 19.9 }, "geometry": { "type": "Point", "coordinates": [ 9.192033316847603, 41.379341724459444, 0.0 ] } },
{ "type": "Feature", "properties": { "A_Nom": "Bellecombe", "B_Massif": "Alpes", "C_Sous_ensemble": "Bauges", "E_Departement": "73", "F_Commune": "Les Déserts", "G_INSEE": "73230", "I_Coordonnees": "45.67434649498504;5.993583979176544", "J_Precision": "1", "K_Etat": "F", "L_Mesures": "N", "Lien_données": "", "Matériel": "", "Nature_sol": "n4a. Barrémien inf. - Calcaires", "TAF habité?": "non", "T_Période de relevés": "", "Tnn": "", "Tnn (date)": "", "Tnn_Source données": "", "Altitude": 1350, "Profondeur": 22, "Superficie_ha": 6.0 }, "geometry": { "type": "Point", "coordinates": [ 5.993583979176544, 45.674346494985038, 0.0 ] } },
{ "type": "Feature", "properties": { "A_Nom": "Bessans", "B_Massif": "Alpes", "C_Sous_ensemble": "Vanoise", "E_Departement": "73", "F_Commune": "Bessans", "G_INSEE": "73040", "I_Coordonnees": "45.322766;7.002355", "J_Precision": "1", "K_Etat": "O", "L_Mesures": "O", "Lien_données": "", "Matériel": "", "Nature_sol": "", "TAF habité?": "oui", "T_Période de relevés": "01/01/1883 - en cours", "Tnn": "-31", "Tnn (date)": "12/01/1987", "Tnn_Source données": "", "Altitude": 1730, "Profondeur": null, "Superficie_ha": null }, "geometry": { "type": "Point", "coordinates": [ 7.002355, 45.322766, 0.0 ] } },
{ "type": "Feature", "properties": { "A_Nom": "Bor Khyar sand dune", "B_Massif": "Mongolia", "C_Sous_ensemble": "", "E_Departement": "", "F_Commune": "Erdenexairxan", "G_INSEE": "", "I_Coordonnees": "48.257599;95.882235", "J_Precision": "1", "K_Etat": "F", "L_Mesures": "O", "Lien_données": "", "Matériel": "Alpha TD80 data logger from Tempsen", "Nature_sol": "Sables", "TAF habité?": "non", "T_Période de relevés": "17 - 25/01/2018", "Tnn": "-53", "Tnn (date)": "24/01/2018", "Tnn_Source données": "https://weatherman.hu/2018/02/25/nariin-golin-els-the-frozen-desert-part-1/", "Altitude": 1950, "Profondeur": 60, "Superficie_ha": 23.0 }, "geometry": { "type": "Point", "coordinates": [ 95.882235, 48.257599, 0.0 ] } },
{ "type": "Feature", "properties": { "A_Nom": "Braunlauf-B. Reuland", "B_Massif": "Ardenne", "C_Sous_ensemble": "", "E_Departement": "", "F_Commune": "Braunlauf", "G_INSEE": "Belgique", "I_Coordonnees": "50.243052;6.064175", "J_Precision": "2", "K_Etat": "O", "L_Mesures": "O", "Lien_données": "", "Matériel": "", "Nature_sol": "", "TAF habité?": "", "T_Période de relevés": "", "Tnn": "", "Tnn (date)": "", "Tnn_Source données": "", "Altitude": 442, "Profondeur": null, "Superficie_ha": null }, "geometry": { "type": "Point", "coordinates": [ 6.064175, 50.243052, 0.0 ] } },
{ "type": "Feature", "properties": { "A_Nom": "Busa Riviera", "B_Massif": "Alpes", "C_Sous_ensemble": "Dolomites - Pale di San Martino", "E_Departement": "", "F_Commune": "", "G_INSEE": "", "I_Coordonnees": "46.2704;11.875834", "J_Precision": "1", "K_Etat": "F", "L_Mesures": "O", "Lien_données": "", "Matériel": "", "Nature_sol": "Dolomie", "TAF habité?": "non", "T_Période de relevés": "05/08/2016", "Tnn": "-50,6", "Tnn (date)": "07/01/2022", "Tnn_Source données": "https://doline.meteotriveneto.it/busa-riviera/", "Altitude": 2634, "Profondeur": 14, "Superficie_ha": 1.3 }, "geometry": { "type": "Point", "coordinates": [ 11.875834, 46.2704, 0.0 ] } },
{ "type": "Feature", "properties": { "A_Nom": "Buttes brûlées", "B_Massif": "Bassin Parisien", "C_Sous_ensemble": "", "E_Departement": "78", "F_Commune": "Rochefort-en-Yvelines", "G_INSEE": "78522", "I_Coordonnees": "48.598575;1.974963", "J_Precision": "2", "K_Etat": "O", "L_Mesures": "O", "Lien_données": "", "Matériel": "", "Nature_sol": "g2. Sables et grès de Fontainebleau : Stampien (Oligocène moyen)", "TAF habité?": "non", "T_Période de relevés": "", "Tnn": "", "Tnn (date)": "", "Tnn_Source données": "", "Altitude": 130, "Profondeur": 0, "Superficie_ha": null }, "geometry": { "type": "Point", "coordinates": [ 1.974963, 48.598575, 0.0 ] } },
{ "type": "Feature", "properties": { "A_Nom": "Cabane de l'Alpette", "B_Massif": "Alpes", "C_Sous_ensemble": "Chartreuse", "E_Departement": "38", "F_Commune": "Chapareillan", "G_INSEE": "38075", "I_Coordonnees": "45.439173539317245;5.921459193963405", "J_Precision": "1", "K_Etat": "F", "L_Mesures": "N", "Lien_données": "", "Matériel": "", "Nature_sol": "", "TAF habité?": "", "T_Période de relevés": "", "Tnn": "", "Tnn (date)": "", "Tnn_Source données": "", "Altitude": 1490, "Profondeur": 15, "Superficie_ha": 3.2 }, "geometry": { "type": "Point", "coordinates": [ 5.921459193963405, 45.439173539317245, 0.0 ] } },
{ "type": "Feature", "properties": { "A_Nom": "Caille", "B_Massif": "Alpes", "C_Sous_ensemble": "Préalpes de Castellane", "E_Departement": "06", "F_Commune": "Caille", "G_INSEE": "06028", "I_Coordonnees": "43.775365025278255;6.737664468020364", "J_Precision": "1", "K_Etat": "F", "L_Mesures": "O", "Lien_données": "", "Matériel": "", "Nature_sol": "", "TAF habité?": "", "T_Période de relevés": "", "Tnn": "-18.5", "Tnn (date)": "07/01/2022", "Tnn_Source données": "https://www.infoclimat.fr/climatologie/annee/2022/caille/valeurs/000XM.html", "Altitude": 1121, "Profondeur": 40, "Superficie_ha": 365.8 }, "geometry": { "type": "Point", "coordinates": [ 6.737664468020364, 43.775365025278255, 0.0 ] } },
{ "type": "Feature", "properties": { "A_Nom": "Campu Longu", "B_Massif": "Corse", "C_Sous_ensemble": "Causse de Bonifacio", "E_Departement": "2A", "F_Commune": "Bonifacio", "G_INSEE": "2A041", "I_Coordonnees": "41.38260359087816;9.188194791288375", "J_Precision": "1", "K_Etat": "F", "L_Mesures": "N", "Lien_données": "", "Matériel": "", "Nature_sol": "m2-3B - Formation de Bonifacio, calcarénites et sables fins consolidés du Miocène", "TAF habité?": "non", "T_Période de relevés": "", "Tnn": "", "Tnn (date)": "", "Tnn_Source données": "", "Altitude": 71, "Profondeur": 5, "Superficie_ha": 14.2 }, "geometry": { "type": "Point", "coordinates": [ 9.188194791288375, 41.382603590878162, 0.0 ] } },
{ "type": "Feature", "properties": { "A_Nom": "Causse de Montbel", "B_Massif": "Massif Central", "C_Sous_ensemble": "Causse de Montbel", "E_Departement": "48", "F_Commune": "Montbel", "G_INSEE": "48100", "I_Coordonnees": "44.58077940314087;3.682747324737804", "J_Precision": "1", "K_Etat": "F", "L_Mesures": "N", "Lien_données": "", "Matériel": "", "Nature_sol": "", "TAF habité?": "", "T_Période de relevés": "", "Tnn": "", "Tnn (date)": "", "Tnn_Source données": "", "Altitude": 1196, "Profondeur": 5, "Superficie_ha": 4.7 }, "geometry": { "type": "Point", "coordinates": [ 3.682747324737804, 44.580779403140873, 0.0 ] } },
{ "type": "Feature", "properties": { "A_Nom": "Caussols", "B_Massif": "Alpes", "C_Sous_ensemble": "Préalpes de Castellane", "E_Departement": "06", "F_Commune": "Caussols", "G_INSEE": "06037", "I_Coordonnees": "43.740836245308934;6.914684721976672", "J_Precision": "1", "K_Etat": "F", "L_Mesures": "O", "Lien_données": "", "Matériel": "", "Nature_sol": "", "TAF habité?": "", "T_Période de relevés": "", "Tnn": "", "Tnn (date)": "", "Tnn_Source données": "", "Altitude": 1066, "Profondeur": 51, "Superficie_ha": 324.8 }, "geometry": { "type": "Point", "coordinates": [ 6.914684721976672, 43.740836245308934, 0.0 ] } },
{ "type": "Feature", "properties": { "A_Nom": "Cavallo Morto - Ouest", "B_Massif": "Corse", "C_Sous_ensemble": "Causse de Bonifacio", "E_Departement": "2A", "F_Commune": "Bonifacio", "G_INSEE": "2A041", "I_Coordonnees": "41.40802093249942;9.16401024126998", "J_Precision": "1", "K_Etat": "F", "L_Mesures": "N", "Lien_données": "", "Matériel": "", "Nature_sol": "", "TAF habité?": "non", "T_Période de relevés": "", "Tnn": "", "Tnn (date)": "", "Tnn_Source données": "", "Altitude": 69, "Profondeur": 3, "Superficie_ha": 5.5 }, "geometry": { "type": "Point", "coordinates": [ 9.164010241269979, 41.408020932499419, 0.0 ] } },
{ "type": "Feature", "properties": { "A_Nom": "Chapelle-des-Bois (La Chaumoz)", "B_Massif": "Jura", "C_Sous_ensemble": "Jura", "E_Departement": "25", "F_Commune": "Chapelle-des-Bois", "G_INSEE": "25121", "I_Coordonnees": "46.592543;6.090556", "J_Precision": "1", "K_Etat": "O", "L_Mesures": "O", "Lien_données": "https://www.infoclimat.fr/observations-meteo/temps-reel/chapelle-des-bois/000FD.html", "Matériel": "Davis VP2", "Nature_sol": "j7\tSéquanien - Calcaires graveleux; G Glaciaire", "TAF habité?": "oui", "T_Période de relevés": "22/10/2016", "Tnn": "-24", "Tnn (date)": "04/01/2025", "Tnn_Source données": "https://www.infoclimat.fr/climatologie/normales-records/1991-2020/chapelle-des-bois/valeurs/000FD.html", "Altitude": 1072, "Profondeur": null, "Superficie_ha": null }, "geometry": { "type": "Point", "coordinates": [ 6.090556, 46.592543, 0.0 ] } },
{ "type": "Feature", "properties": { "A_Nom": "Chaudeyrac", "B_Massif": "Massif Central", "C_Sous_ensemble": "Margeride", "E_Departement": "48", "F_Commune": "Chaudeyrac", "G_INSEE": "48045", "I_Coordonnees": "44.660777;3.754822", "J_Precision": "2", "K_Etat": "O", "L_Mesures": "O", "Lien_données": "", "Matériel": "", "Nature_sol": "", "TAF habité?": "", "T_Période de relevés": "", "Tnn": "", "Tnn (date)": "", "Tnn_Source données": "", "Altitude": 1143, "Profondeur": null, "Superficie_ha": null }, "geometry": { "type": "Point", "coordinates": [ 3.754822, 44.660777, 0.0 ] } },
{ "type": "Feature", "properties": { "A_Nom": "Chaudeyrolles - Les Narces", "B_Massif": "Massif Central", "C_Sous_ensemble": "Monts du Vivarais", "E_Departement": "43", "F_Commune": "Chaudeyrolles", "G_INSEE": "43066", "I_Coordonnees": "44.94603;4.189502", "J_Precision": "2", "K_Etat": "O", "L_Mesures": "O", "Lien_données": "", "Matériel": "", "Nature_sol": "", "TAF habité?": "", "T_Période de relevés": "", "Tnn": "", "Tnn (date)": "", "Tnn_Source données": "", "Altitude": 1225, "Profondeur": null, "Superficie_ha": null }, "geometry": { "type": "Point", "coordinates": [ 4.189502, 44.94603, 0.0 ] } },
{ "type": "Feature", "properties": { "A_Nom": "Chaudezembre", "B_Massif": "Jura", "C_Sous_ensemble": "Jura", "E_Departement": "39", "F_Commune": "La Pesse", "G_INSEE": "39413", "I_Coordonnees": "46.29963785610919;5.847688874695764", "J_Precision": "1", "K_Etat": "F", "L_Mesures": "O", "Lien_données": "", "Matériel": "", "Nature_sol": "", "TAF habité?": "", "T_Période de relevés": "", "Tnn": "", "Tnn (date)": "", "Tnn_Source données": "", "Altitude": 1091, "Profondeur": 40, "Superficie_ha": 106.8 }, "geometry": { "type": "Point", "coordinates": [ 5.847688874695764, 46.299637856109193, 0.0 ] } },
{ "type": "Feature", "properties": { "A_Nom": "Chauffarel", "B_Massif": "Alpes", "C_Sous_ensemble": "Ecrins", "E_Departement": "05", "F_Commune": "Orcières", "G_INSEE": "05096", "I_Coordonnees": "44.681337;6.29369", "J_Precision": "1", "K_Etat": "O", "L_Mesures": "O", "Lien_données": "", "Matériel": "", "Nature_sol": "", "TAF habité?": "", "T_Période de relevés": "", "Tnn": "", "Tnn (date)": "", "Tnn_Source données": "", "Altitude": 1255, "Profondeur": null, "Superficie_ha": null }, "geometry": { "type": "Point", "coordinates": [ 6.29369, 44.681337, 0.0 ] } },
{ "type": "Feature", "properties": { "A_Nom": "Chaux-des-Prés La Gouille", "B_Massif": "Jura", "C_Sous_ensemble": "Jura", "E_Departement": "39", "F_Commune": "Nanchez", "G_INSEE": "39130", "I_Coordonnees": "46.500472;5.863727", "J_Precision": "1", "K_Etat": "F", "L_Mesures": "?", "Lien_données": "", "Matériel": "", "Nature_sol": "", "TAF habité?": "", "T_Période de relevés": "", "Tnn": "", "Tnn (date)": "", "Tnn_Source données": "", "Altitude": 835, "Profondeur": 36, "Superficie_ha": 123.4 }, "geometry": { "type": "Point", "coordinates": [ 5.863727, 46.500472, 0.0 ] } },
{ "type": "Feature", "properties": { "A_Nom": "Chêne-Léglise", "B_Massif": "Ardenne", "C_Sous_ensemble": "", "E_Departement": "", "F_Commune": "Léglise", "G_INSEE": "Belgique", "I_Coordonnees": "49.863159;5.558668", "J_Precision": "1", "K_Etat": "O", "L_Mesures": "O", "Lien_données": "", "Matériel": "", "Nature_sol": "", "TAF habité?": "", "T_Période de relevés": "", "Tnn": "", "Tnn (date)": "", "Tnn_Source données": "", "Altitude": 426, "Profondeur": null, "Superficie_ha": null }, "geometry": { "type": "Point", "coordinates": [ 5.558668, 49.863159, 0.0 ] } },
{ "type": "Feature", "properties": { "A_Nom": "Cirque-doline de Kizilanlak", "B_Massif": "Taurus occidental", "C_Sous_ensemble": "Dedegöl Dag", "E_Departement": "", "F_Commune": "Eldere", "G_INSEE": "Turquie", "I_Coordonnees": "37.649415;31.279449", "J_Precision": "1", "K_Etat": "F", "L_Mesures": "N", "Lien_données": "", "Matériel": "", "Nature_sol": "complexe calcaro-dolomitique du Trias moyen-supérieur", "TAF habité?": "non", "T_Période de relevés": "", "Tnn": "", "Tnn (date)": "", "Tnn_Source données": "", "Altitude": 2488, "Profondeur": 33, "Superficie_ha": 18.6 }, "geometry": { "type": "Point", "coordinates": [ 31.279449, 37.649415, 0.0 ] } },
{ "type": "Feature", "properties": { "A_Nom": "Clot de la Llança", "B_Massif": "Pyrénées", "C_Sous_ensemble": "", "E_Departement": "", "F_Commune": "Alt Àneu", "G_INSEE": "", "I_Coordonnees": "42.676099;0.984478", "J_Precision": "1", "K_Etat": "F", "L_Mesures": "O", "Lien_données": "", "Matériel": "", "Nature_sol": "", "TAF habité?": "non", "T_Période de relevés": "", "Tnn": "-34,1", "Tnn (date)": "06/01/2021", "Tnn_Source données": "meteopirineu.com", "Altitude": 2305, "Profondeur": 20, "Superficie_ha": 6.0 }, "geometry": { "type": "Point", "coordinates": [ 0.984478, 42.676099, 0.0 ] } },
{ "type": "Feature", "properties": { "A_Nom": "Clot de la Plaine", "B_Massif": "Pyrénées", "C_Sous_ensemble": "Pays de Sault", "E_Departement": "11", "F_Commune": "Belcaire", "G_INSEE": "11028", "I_Coordonnees": "42.837602225197415;1.94535785262991", "J_Precision": "1", "K_Etat": "F", "L_Mesures": "N", "Lien_données": "", "Matériel": "", "Nature_sol": "", "TAF habité?": "", "T_Période de relevés": "", "Tnn": "", "Tnn (date)": "", "Tnn_Source données": "", "Altitude": 948, "Profondeur": 104, "Superficie_ha": 270.4 }, "geometry": { "type": "Point", "coordinates": [ 1.94535785262991, 42.837602225197415, 0.0 ] } },
{ "type": "Feature", "properties": { "A_Nom": "Cloup de la Bridade", "B_Massif": "Massif Central", "C_Sous_ensemble": "Causse du Quercy", "E_Departement": "46", "F_Commune": "Caniac-du-Causse", "G_INSEE": "46054", "I_Coordonnees": "44.62335756056214;1.664607930309138", "J_Precision": "1", "K_Etat": "F", "L_Mesures": "?", "Lien_données": "", "Matériel": "", "Nature_sol": "", "TAF habité?": "", "T_Période de relevés": "", "Tnn": "", "Tnn (date)": "", "Tnn_Source données": "", "Altitude": 317, "Profondeur": 19, "Superficie_ha": 6.1 }, "geometry": { "type": "Point", "coordinates": [ 1.664607930309138, 44.623357560562141, 0.0 ] } },
{ "type": "Feature", "properties": { "A_Nom": "Cobru-Bastogne", "B_Massif": "Ardenne", "C_Sous_ensemble": "", "E_Departement": "", "F_Commune": "Bastogne", "G_INSEE": "Belgique", "I_Coordonnees": "50.060973;5.748368", "J_Precision": "1", "K_Etat": "O", "L_Mesures": "O", "Lien_données": "", "Matériel": "", "Nature_sol": "", "TAF habité?": "", "T_Période de relevés": "", "Tnn": "-17.2", "Tnn (date)": "20/01/2024", "Tnn_Source données": "https://www.bmcb.be/coldspots/", "Altitude": 457, "Profondeur": 0, "Superficie_ha": null }, "geometry": { "type": "Point", "coordinates": [ 5.748368, 50.060973, 0.0 ] } },
{ "type": "Feature", "properties": { "A_Nom": "Combe - Lac de Roy", "B_Massif": "Alpes", "C_Sous_ensemble": "Faucigny", "E_Departement": "74", "F_Commune": "Taninges", "G_INSEE": "74276", "I_Coordonnees": "46.13959612142231;6.568287405752302", "J_Precision": "1", "K_Etat": "F", "L_Mesures": "N", "Lien_données": "", "Matériel": "", "Nature_sol": "Jurassique moyen riche en brèches à éléments anguleux de dolomies du Trias et de calcaires du Lias(Brèche inférieure, Lias supérieur - Dogger)", "TAF habité?": "non", "T_Période de relevés": "", "Tnn": "-36,6", "Tnn (date)": "07/01/2026", "Tnn_Source données": "", "Altitude": 1705, "Profondeur": 15, "Superficie_ha": 6.2 }, "geometry": { "type": "Point", "coordinates": [ 6.568287405752302, 46.139596121422308, 0.0 ] } },
{ "type": "Feature", "properties": { "A_Nom": "Combe Berthod", "B_Massif": "Jura", "C_Sous_ensemble": "Jura", "E_Departement": "39", "F_Commune": "Longchaumois", "G_INSEE": "39297", "I_Coordonnees": "46.45928977574669;5.986717778887954", "J_Precision": "1", "K_Etat": "F", "L_Mesures": "O", "Lien_données": "", "Matériel": "", "Nature_sol": "", "TAF habité?": "", "T_Période de relevés": "", "Tnn": "", "Tnn (date)": "", "Tnn_Source données": "", "Altitude": 1102, "Profondeur": 5, "Superficie_ha": 2.0 }, "geometry": { "type": "Point", "coordinates": [ 5.986717778887954, 46.45928977574669, 0.0 ] } },
{ "type": "Feature", "properties": { "A_Nom": "Combe d'Ars", "B_Massif": "Alpes", "C_Sous_ensemble": "Mercantour", "E_Departement": "06", "F_Commune": "Beuil", "G_INSEE": "06470", "I_Coordonnees": "44.10576729606779;7.004308367123564", "J_Precision": "1", "K_Etat": "F", "L_Mesures": "N", "Lien_données": "", "Matériel": "", "Nature_sol": "l4-6 Lias moyen à supérieur, Marno-calcaires", "TAF habité?": "non", "T_Période de relevés": "", "Tnn": "", "Tnn (date)": "", "Tnn_Source données": "", "Altitude": 1640, "Profondeur": 16, "Superficie_ha": 1.6 }, "geometry": { "type": "Point", "coordinates": [ 7.004308367123564, 44.105767296067789, 0.0 ] } },
{ "type": "Feature", "properties": { "A_Nom": "Combe Danoi", "B_Massif": "Jura", "C_Sous_ensemble": "Ain", "E_Departement": "01", "F_Commune": "Surjoux-Lhopital", "G_INSEE": "01215", "I_Coordonnees": "46.02498600314348;5.727972503820366", "J_Precision": "1", "K_Etat": "F", "L_Mesures": "N", "Lien_données": "", "Matériel": "", "Nature_sol": "", "TAF habité?": "", "T_Période de relevés": "", "Tnn": "", "Tnn (date)": "", "Tnn_Source données": "", "Altitude": 1114, "Profondeur": 32, "Superficie_ha": 48.0 }, "geometry": { "type": "Point", "coordinates": [ 5.727972503820366, 46.024986003143482, 0.0 ] } },
{ "type": "Feature", "properties": { "A_Nom": "Combe de l'Oscence", "B_Massif": "Alpes", "C_Sous_ensemble": "Vercors", "E_Departement": "26", "F_Commune": "La Chapelle en Vercors", "G_INSEE": "26074", "I_Coordonnees": "44.95527766005587;5.382622120592762", "J_Precision": "1", "K_Etat": "F", "L_Mesures": "O", "Lien_données": "https://www.infoclimat.fr/observations-meteo/temps-reel/la-chapelle-en-vercors-combe-de-l-oscence/000UF.html", "Matériel": "Talkpool OY1110", "Nature_sol": "n6L\tLumachelle et n5U Urgonien calcaires massifs", "TAF habité?": "non", "T_Période de relevés": "05/01/2021 - en cours", "Tnn": "-27.1", "Tnn (date)": "22/12/2021", "Tnn_Source données": "https://www.infoclimat.fr/climatologie/normales-records/1991-2020/la-chapelle-en-vercors-combe-de-l-oscence/valeurs/000UF.html", "Altitude": 973, "Profondeur": 53, "Superficie_ha": 253.8 }, "geometry": { "type": "Point", "coordinates": [ 5.382622120592762, 44.95527766005587, 0.0 ] } },
{ "type": "Feature", "properties": { "A_Nom": "Combe de la Choulère", "B_Massif": "Bassin Parisien", "C_Sous_ensemble": "Châtillonnais", "E_Departement": "21", "F_Commune": "Vanvey", "G_INSEE": "21400", "I_Coordonnees": "47.847064;4.735011", "J_Precision": "2", "K_Etat": "O", "L_Mesures": "O", "Lien_données": "", "Matériel": "HOBO", "Nature_sol": "j2b - \"Oolithe blanche\" et calcaires bioclastiques ( Bathonien infèrieur p,p ? Et moyen ?)", "TAF habité?": "non", "T_Période de relevés": "01/2023 - en cours", "Tnn": "-14.1", "Tnn (date)": "XX/01/2024", "Tnn_Source données": "CEN Bourgogne", "Altitude": 268, "Profondeur": null, "Superficie_ha": null }, "geometry": { "type": "Point", "coordinates": [ 4.735011, 47.847064, 0.0 ] } },
{ "type": "Feature", "properties": { "A_Nom": "Combe de la Garne/Champgelas", "B_Massif": "Alpes", "C_Sous_ensemble": "Vercors", "E_Departement": "26", "F_Commune": "Bouvante", "G_INSEE": "26059", "I_Coordonnees": "44.96222537758684;5.35713625338335", "J_Precision": "1", "K_Etat": "F", "L_Mesures": "O", "Lien_données": "", "Matériel": "Elitech RC-5", "Nature_sol": "", "TAF habité?": "non", "T_Période de relevés": "", "Tnn": "-27.5", "Tnn (date)": "04/01/2025", "Tnn_Source données": "", "Altitude": 1119, "Profondeur": 49, "Superficie_ha": 40.6 }, "geometry": { "type": "Point", "coordinates": [ 5.35713625338335, 44.96222537758684, 0.0 ] } },
{ "type": "Feature", "properties": { "A_Nom": "Combe de la Prison", "B_Massif": "Alpes", "C_Sous_ensemble": "Dévoluy", "E_Departement": "38", "F_Commune": "Pellafol", "G_INSEE": "38299", "I_Coordonnees": "44.76044847695738;5.83331453002387", "J_Precision": "1", "K_Etat": "F", "L_Mesures": "?", "Lien_données": "", "Matériel": "", "Nature_sol": "", "TAF habité?": "", "T_Période de relevés": "", "Tnn": "", "Tnn (date)": "", "Tnn_Source données": "", "Altitude": 2177, "Profondeur": 20, "Superficie_ha": 4.6 }, "geometry": { "type": "Point", "coordinates": [ 5.83331453002387, 44.760448476957379, 0.0 ] } },
{ "type": "Feature", "properties": { "A_Nom": "Combe de la Sive", "B_Massif": "Alpes", "C_Sous_ensemble": "Vercors", "E_Departement": "38", "F_Commune": "Gresse-en-Vercors", "G_INSEE": "38186", "I_Coordonnees": "44.889230702814785;5.476621017968937", "J_Precision": "1", "K_Etat": "F", "L_Mesures": "O", "Lien_données": "", "Matériel": "Elitech", "Nature_sol": "", "TAF habité?": "non", "T_Période de relevés": "", "Tnn": "-30,7", "Tnn (date)": "11/01/2021", "Tnn_Source données": "Richard Gastinel - https://forums.infoclimat.fr/f/topic/32413-les-trous-%C3%A0-froid-en-france/?do=findComment&comment=3392761", "Altitude": 1425, "Profondeur": 31, "Superficie_ha": 33.9 }, "geometry": { "type": "Point", "coordinates": [ 5.476621017968937, 44.889230702814785, 0.0 ] } },
{ "type": "Feature", "properties": { "A_Nom": "Combe de la Valouse", "B_Massif": "Jura", "C_Sous_ensemble": "Jura Vaudois", "E_Departement": "", "F_Commune": "Bassins", "G_INSEE": "Suisse", "I_Coordonnees": "46.495105;6.175655", "J_Precision": "1", "K_Etat": "F", "L_Mesures": "?", "Lien_données": "", "Matériel": "", "Nature_sol": "", "TAF habité?": "", "T_Période de relevés": "", "Tnn": "", "Tnn (date)": "", "Tnn_Source données": "", "Altitude": 1200, "Profondeur": null, "Superficie_ha": null }, "geometry": { "type": "Point", "coordinates": [ 6.175655, 46.495105, 0.0 ] } },
{ "type": "Feature", "properties": { "A_Nom": "Combe de la Vézeronce", "B_Massif": "Jura", "C_Sous_ensemble": "Ain", "E_Departement": "01", "F_Commune": "Haut-Valromey", "G_INSEE": "01187", "I_Coordonnees": "46.1046135126102;5.706371929598089", "J_Precision": "1", "K_Etat": "F", "L_Mesures": "N", "Lien_données": "", "Matériel": "", "Nature_sol": "", "TAF habité?": "", "T_Période de relevés": "", "Tnn": "", "Tnn (date)": "", "Tnn_Source données": "", "Altitude": 1165, "Profondeur": 13, "Superficie_ha": 26.4 }, "geometry": { "type": "Point", "coordinates": [ 5.706371929598089, 46.1046135126102, 0.0 ] } },
{ "type": "Feature", "properties": { "A_Nom": "Combe de Laisia", "B_Massif": "Jura", "C_Sous_ensemble": "Jura", "E_Departement": "39", "F_Commune": "Septmoncel les Molunes", "G_INSEE": "39510", "I_Coordonnees": "46.347401377056975;5.916876040696977", "J_Precision": "1", "K_Etat": "F", "L_Mesures": "O", "Lien_données": "", "Matériel": "", "Nature_sol": "", "TAF habité?": "", "T_Période de relevés": "", "Tnn": "", "Tnn (date)": "", "Tnn_Source données": "", "Altitude": 1166, "Profondeur": 30, "Superficie_ha": 21.6 }, "geometry": { "type": "Point", "coordinates": [ 5.916876040696977, 46.347401377056975, 0.0 ] } },
{ "type": "Feature", "properties": { "A_Nom": "Combe de Laume", "B_Massif": "Jura", "C_Sous_ensemble": "Jura", "E_Departement": "39", "F_Commune": "Nanchez", "G_INSEE": "39130", "I_Coordonnees": "46.49193734508621;5.900989370197576", "J_Precision": "1", "K_Etat": "F", "L_Mesures": "O", "Lien_données": "", "Matériel": "", "Nature_sol": "", "TAF habité?": "", "T_Période de relevés": "", "Tnn": "", "Tnn (date)": "", "Tnn_Source données": "", "Altitude": 895, "Profondeur": 8, "Superficie_ha": 6.3 }, "geometry": { "type": "Point", "coordinates": [ 5.900989370197576, 46.491937345086207, 0.0 ] } },
{ "type": "Feature", "properties": { "A_Nom": "Combe de Laval", "B_Massif": "Massif Central", "C_Sous_ensemble": "", "E_Departement": "12", "F_Commune": "La Capelle-Balaguier", "G_INSEE": "12256", "I_Coordonnees": "44.44635693453684;1.891650930214708", "J_Precision": "1", "K_Etat": "F", "L_Mesures": "N", "Lien_données": "", "Matériel": "", "Nature_sol": "", "TAF habité?": "", "T_Période de relevés": "", "Tnn": "", "Tnn (date)": "", "Tnn_Source données": "", "Altitude": 262, "Profondeur": 37, "Superficie_ha": 4.0 }, "geometry": { "type": "Point", "coordinates": [ 1.891650930214708, 44.446356934536837, 0.0 ] } },
{ "type": "Feature", "properties": { "A_Nom": "Combe de Lugue", "B_Massif": "Massif Central", "C_Sous_ensemble": "Causse Comtal", "E_Departement": "12", "F_Commune": "Salles-la-Source", "G_INSEE": "12254", "I_Coordonnees": "44.454225678473435;2.556981682982928", "J_Precision": "1", "K_Etat": "F", "L_Mesures": "O", "Lien_données": "", "Matériel": "", "Nature_sol": "", "TAF habité?": "", "T_Période de relevés": "", "Tnn": "", "Tnn (date)": "", "Tnn_Source données": "", "Altitude": 541, "Profondeur": 3, "Superficie_ha": 0.9 }, "geometry": { "type": "Point", "coordinates": [ 2.556981682982928, 44.454225678473435, 0.0 ] } },
{ "type": "Feature", "properties": { "A_Nom": "Combe de Merlogne", "B_Massif": "Jura", "C_Sous_ensemble": "Ain", "E_Departement": "01", "F_Commune": "Haut-Valromey", "G_INSEE": "01187", "I_Coordonnees": "46.12568027935653;5.719714676391193", "J_Precision": "1", "K_Etat": "F", "L_Mesures": "N", "Lien_données": "", "Matériel": "", "Nature_sol": "", "TAF habité?": "", "T_Période de relevés": "", "Tnn": "", "Tnn (date)": "", "Tnn_Source données": "", "Altitude": 1120, "Profondeur": 18, "Superficie_ha": 63.5 }, "geometry": { "type": "Point", "coordinates": [ 5.719714676391193, 46.12568027935653, 0.0 ] } },
{ "type": "Feature", "properties": { "A_Nom": "Combe de Pré Rateau", "B_Massif": "Alpes", "C_Sous_ensemble": "Vercors", "E_Departement": "26", "F_Commune": "Saint-Agnan-en-Vercors", "G_INSEE": "26290", "I_Coordonnees": "44.90128710552719;5.476247033772725", "J_Precision": "1", "K_Etat": "F", "L_Mesures": "O", "Lien_données": "", "Matériel": "", "Nature_sol": "n5U\tUrgonien, masse supérieure (calcaires)", "TAF habité?": "non", "T_Période de relevés": "", "Tnn": "-35,9", "Tnn (date)": "14/01/2024", "Tnn_Source données": "https://forums.infoclimat.fr/f/topic/32413-les-trous-%C3%A0-froid-en-france/?do=findComment&comment=3801903", "Altitude": 1432, "Profondeur": 25, "Superficie_ha": 11.0, "Photo": "pre rateau","Photo_source": "Richard Gastinel - 02/11/2024"  }, "geometry": { "type": "Point", "coordinates": [ 5.476247033772725, 44.901287105527189, 0.0 ] } },
{ "type": "Feature", "properties": { "A_Nom": "Combe Derniers", "B_Massif": "Jura", "C_Sous_ensemble": "Jura", "E_Departement": "25", "F_Commune": "Reculfoz", "G_INSEE": "25483", "I_Coordonnees": "46.70713708545869;6.152394590430772", "J_Precision": "1", "K_Etat": "F", "L_Mesures": "O", "Lien_données": "https://www.infoclimat.fr/observations-meteo/temps-reel/reculfoz-combe/STATIC0015.html", "Matériel": "Talkpool OY1110", "Nature_sol": "", "TAF habité?": "oui", "T_Période de relevés": "17/03/2022 - en cours", "Tnn": "-28,1", "Tnn (date)": "04/01/2025", "Tnn_Source données": "https://www.infoclimat.fr/climatologie/normales-records/1991-2020/reculfoz-combe/valeurs/STATIC0015.html", "Altitude": 996, "Profondeur": 19, "Superficie_ha": 18.0 }, "geometry": { "type": "Point", "coordinates": [ 6.152394590430772, 46.70713708545869, 0.0 ] } },
{ "type": "Feature", "properties": { "A_Nom": "Combe des Planes", "B_Massif": "Jura", "C_Sous_ensemble": "Ain", "E_Departement": "01", "F_Commune": "Lélex", "G_INSEE": "01210", "I_Coordonnees": "46.279807;5.941953", "J_Precision": "2", "K_Etat": "O", "L_Mesures": "O", "Lien_données": "", "Matériel": "", "Nature_sol": "", "TAF habité?": "", "T_Période de relevés": "", "Tnn": "", "Tnn (date)": "", "Tnn_Source données": "", "Altitude": 1490, "Profondeur": null, "Superficie_ha": null }, "geometry": { "type": "Point", "coordinates": [ 5.941953, 46.279807, 0.0 ] } },
{ "type": "Feature", "properties": { "A_Nom": "Combe du Grand Essart", "B_Massif": "Jura", "C_Sous_ensemble": "Jura", "E_Departement": "39", "F_Commune": "Coteaux du Lizon", "G_INSEE": "39491", "I_Coordonnees": "46.41300338950716;5.827241801830793", "J_Precision": "1", "K_Etat": "F", "L_Mesures": "?", "Lien_données": "", "Matériel": "", "Nature_sol": "", "TAF habité?": "", "T_Période de relevés": "", "Tnn": "", "Tnn (date)": "", "Tnn_Source données": "", "Altitude": 649, "Profondeur": 8, "Superficie_ha": 28.7 }, "geometry": { "type": "Point", "coordinates": [ 5.827241801830793, 46.413003389507161, 0.0 ] } },
{ "type": "Feature", "properties": { "A_Nom": "Combe du Mortier/Combe à Reine", "B_Massif": "Jura", "C_Sous_ensemble": "Ain", "E_Departement": "01", "F_Commune": "Haut-Valromey", "G_INSEE": "01187", "I_Coordonnees": "46.09369706017323;5.649136400151872", "J_Precision": "1", "K_Etat": "F", "L_Mesures": "N", "Lien_données": "", "Matériel": "", "Nature_sol": "", "TAF habité?": "", "T_Période de relevés": "", "Tnn": "", "Tnn (date)": "", "Tnn_Source données": "", "Altitude": 973, "Profondeur": 13, "Superficie_ha": 48.0 }, "geometry": { "type": "Point", "coordinates": [ 5.649136400151872, 46.093697060173227, 0.0 ] } },
{ "type": "Feature", "properties": { "A_Nom": "Combe froide", "B_Massif": "Jura", "C_Sous_ensemble": "Jura", "E_Departement": "39", "F_Commune": "La Pesse", "G_INSEE": "39413", "I_Coordonnees": "46.277256275915214;5.860773295534078", "J_Precision": "1", "K_Etat": "F", "L_Mesures": "O", "Lien_données": "", "Matériel": "", "Nature_sol": "", "TAF habité?": "", "T_Période de relevés": "", "Tnn": "", "Tnn (date)": "", "Tnn_Source données": "", "Altitude": 1224, "Profondeur": 20, "Superficie_ha": 17.1 }, "geometry": { "type": "Point", "coordinates": [ 5.860773295534078, 46.277256275915214, 0.0 ] } },
{ "type": "Feature", "properties": { "A_Nom": "Combe Jean Levain", "B_Massif": "Jura", "C_Sous_ensemble": "Jura", "E_Departement": "39", "F_Commune": "Crans", "G_INSEE": "39300", "I_Coordonnees": "46.69296678319543;5.998992885807633", "J_Precision": "1", "K_Etat": "F", "L_Mesures": "N", "Lien_données": "", "Matériel": "", "Nature_sol": "", "TAF habité?": "", "T_Période de relevés": "", "Tnn": "", "Tnn (date)": "", "Tnn_Source données": "", "Altitude": 845, "Profondeur": 17, "Superficie_ha": 11.1 }, "geometry": { "type": "Point", "coordinates": [ 5.998992885807633, 46.69296678319543, 0.0 ] } },
{ "type": "Feature", "properties": { "A_Nom": "Combe la Roche", "B_Massif": "Jura", "C_Sous_ensemble": "Jura", "E_Departement": "39", "F_Commune": "Mignovillard", "G_INSEE": "39331", "I_Coordonnees": "46.7570162749522;6.189364813873484", "J_Precision": "1", "K_Etat": "F", "L_Mesures": "?", "Lien_données": "", "Matériel": "", "Nature_sol": "", "TAF habité?": "", "T_Période de relevés": "", "Tnn": "", "Tnn (date)": "", "Tnn_Source données": "", "Altitude": 1024, "Profondeur": 19, "Superficie_ha": 16.5 }, "geometry": { "type": "Point", "coordinates": [ 6.189364813873484, 46.7570162749522, 0.0 ] } },
{ "type": "Feature", "properties": { "A_Nom": "Combe Lacabru (Combes à l'Est de Limogne)", "B_Massif": "Massif Central", "C_Sous_ensemble": "Causse du Quercy", "E_Departement": "46", "F_Commune": "Limogne-en-Quercy", "G_INSEE": "46173", "I_Coordonnees": "44.392918368639464;1.843227687352922", "J_Precision": "1", "K_Etat": "F", "L_Mesures": "?", "Lien_données": "", "Matériel": "", "Nature_sol": "", "TAF habité?": "", "T_Période de relevés": "", "Tnn": "", "Tnn (date)": "", "Tnn_Source données": "", "Altitude": 320, "Profondeur": 22, "Superficie_ha": 190.1 }, "geometry": { "type": "Point", "coordinates": [ 1.843227687352922, 44.392918368639464, 0.0 ] } },
{ "type": "Feature", "properties": { "A_Nom": "Combe Noire", "B_Massif": "Jura", "C_Sous_ensemble": "Jura", "E_Departement": "39", "F_Commune": "Mignovillard", "G_INSEE": "39331", "I_Coordonnees": "46.76510615688032;6.182464005340336", "J_Precision": "1", "K_Etat": "F", "L_Mesures": "O", "Lien_données": "", "Matériel": "SHT31", "Nature_sol": "Kimméridgien (J8) & Portlandien (J9) - calcaires lithographiques, parfois dolomitisés", "TAF habité?": "non", "T_Période de relevés": "", "Tnn": "-29", "Tnn (date)": "04/01/2026", "Tnn_Source données": "https://forums.infoclimat.fr/f/topic/60516-automne-hiver-20252026-dans-les-massifs-de-l%E2%80%99est/?do=findComment&comment=4039544", "Altitude": 1011, "Profondeur": 31, "Superficie_ha": 51.6 }, "geometry": { "type": "Point", "coordinates": [ 6.182464005340336, 46.765106156880321, 0.0 ] } },
{ "type": "Feature", "properties": { "A_Nom": "Combe près des Monts de l'Herba", "B_Massif": "Jura", "C_Sous_ensemble": "Jura", "E_Departement": "25", "F_Commune": "Les Hôpitaux-Vieux", "G_INSEE": "25308", "I_Coordonnees": "46.81150280512953;6.393161852990838", "J_Precision": "1", "K_Etat": "F", "L_Mesures": "N", "Lien_données": "", "Matériel": "", "Nature_sol": "", "TAF habité?": "", "T_Période de relevés": "", "Tnn": "", "Tnn (date)": "", "Tnn_Source données": "", "Altitude": 1178, "Profondeur": 17, "Superficie_ha": 9.4 }, "geometry": { "type": "Point", "coordinates": [ 6.393161852990838, 46.811502805129528, 0.0 ] } },
{ "type": "Feature", "properties": { "A_Nom": "Combe Saint-Pierre", "B_Massif": "Jura", "C_Sous_ensemble": "Jura", "E_Departement": "25", "F_Commune": "Charquemont", "G_INSEE": "25127", "I_Coordonnees": "47.20382459597179;6.832638468192868", "J_Precision": "1", "K_Etat": "F", "L_Mesures": "N", "Lien_données": "", "Matériel": "", "Nature_sol": "", "TAF habité?": "", "T_Période de relevés": "", "Tnn": "", "Tnn (date)": "", "Tnn_Source données": "", "Altitude": 832, "Profondeur": 24, "Superficie_ha": 235.5 }, "geometry": { "type": "Point", "coordinates": [ 6.832638468192868, 47.203824595971788, 0.0 ] } },
{ "type": "Feature", "properties": { "A_Nom": "Combe/Fontaine de la Plante", "B_Massif": "Alpes", "C_Sous_ensemble": "Vercors", "E_Departement": "38", "F_Commune": "Gresse-en-Vercors", "G_INSEE": "38186", "I_Coordonnees": "44.83558332311526;5.471634963967141", "J_Precision": "1", "K_Etat": "F", "L_Mesures": "O", "Lien_données": "", "Matériel": "Elitech", "Nature_sol": "", "TAF habité?": "non", "T_Période de relevés": "", "Tnn": "-30,8", "Tnn (date)": "11/01/2021", "Tnn_Source données": "Richard Gastinel - https://forums.infoclimat.fr/f/topic/32413-les-trous-%C3%A0-froid-en-france/?do=findComment&comment=3392761", "Altitude": 1586, "Profondeur": 16, "Superficie_ha": 2.0 }, "geometry": { "type": "Point", "coordinates": [ 5.471634963967141, 44.835583323115259, 0.0 ] } },
{ "type": "Feature", "properties": { "A_Nom": "Combebelle", "B_Massif": "Massif Central", "C_Sous_ensemble": "Causse Méjean", "E_Departement": "48", "F_Commune": "Vebron", "G_INSEE": "48193", "I_Coordonnees": "44.26301003377389;3.554308763814133", "J_Precision": "1", "K_Etat": "F", "L_Mesures": "N", "Lien_données": "", "Matériel": "", "Nature_sol": "", "TAF habité?": "", "T_Période de relevés": "", "Tnn": "", "Tnn (date)": "", "Tnn_Source données": "", "Altitude": 1101, "Profondeur": 25, "Superficie_ha": 46.4 }, "geometry": { "type": "Point", "coordinates": [ 3.554308763814133, 44.263010033773888, 0.0 ] } },
{ "type": "Feature", "properties": { "A_Nom": "Combes de la Valse", "B_Massif": "Massif Central", "C_Sous_ensemble": "Causse du Quercy", "E_Departement": "46", "F_Commune": "Aujols", "G_INSEE": "46010", "I_Coordonnees": "44.440925228911986;1.5521420543154", "J_Precision": "1", "K_Etat": "F", "L_Mesures": "N", "Lien_données": "", "Matériel": "", "Nature_sol": "", "TAF habité?": "", "T_Période de relevés": "", "Tnn": "", "Tnn (date)": "", "Tnn_Source données": "", "Altitude": 143, "Profondeur": 3, "Superficie_ha": 0.6 }, "geometry": { "type": "Point", "coordinates": [ 1.5521420543154, 44.440925228911986, 0.0 ] } },
{ "type": "Feature", "properties": { "A_Nom": "Conca delle Turbiglie", "B_Massif": "Alpes", "C_Sous_ensemble": "Alpi Liguri", "E_Departement": "", "F_Commune": "Pamparato", "G_INSEE": "", "I_Coordonnees": "44.294401;7.90844", "J_Precision": "1", "K_Etat": "F", "L_Mesures": "O", "Lien_données": "", "Matériel": "", "Nature_sol": "", "TAF habité?": "non", "T_Période de relevés": "", "Tnn": "-32,8", "Tnn (date)": "06/02/2012", "Tnn_Source données": "D. Arcangeli, G. Gallo, V. Giangrasso, A. Tarable", "Altitude": 979, "Profondeur": 22, "Superficie_ha": 7.8 }, "geometry": { "type": "Point", "coordinates": [ 7.90844, 44.294401, 0.0 ] } },
{ "type": "Feature", "properties": { "A_Nom": "Coumbo d'Aze", "B_Massif": "Massif Central", "C_Sous_ensemble": "Causse de Sauveterre", "E_Departement": "48", "F_Commune": "La Canourgue", "G_INSEE": "48034", "I_Coordonnees": "44.43089370915317;3.282651608716839", "J_Precision": "1", "K_Etat": "F", "L_Mesures": "N", "Lien_données": "", "Matériel": "", "Nature_sol": "", "TAF habité?": "", "T_Période de relevés": "", "Tnn": "", "Tnn (date)": "", "Tnn_Source données": "", "Altitude": 817, "Profondeur": 24, "Superficie_ha": 10.2 }, "geometry": { "type": "Point", "coordinates": [ 3.282651608716839, 44.430893709153167, 0.0 ] } },
{ "type": "Feature", "properties": { "A_Nom": "Cratère Michlifen", "B_Massif": "Moyen-Atlas", "C_Sous_ensemble": "Moyen-Atlas tabulaire", "E_Departement": "", "F_Commune": "Ifrane", "G_INSEE": "", "I_Coordonnees": "33.412607;-5.078602", "J_Precision": "1", "K_Etat": "F", "L_Mesures": "O", "Lien_données": "", "Matériel": "", "Nature_sol": "", "TAF habité?": "non", "T_Période de relevés": "", "Tnn": "-29,8", "Tnn (date)": "??", "Tnn_Source données": "Pujos (1966) - I Etebaai. L’environnement actuel et le fonctionnement hydroclimatique de quelques systèmes lacustres dans le Moyen Atlas marocain : Cas des lacs Ifrah, Iffer et Afourgagh . Hydrologie. Universite Abdelmalek Essaadi Faculté des Sciences et Techniques Tanger, 2009. Fr.", "Altitude": 1858, "Profondeur": 77, "Superficie_ha": 35.0, "Photo": "michlifen","Photo_source": "facebook - Station de ski Michlifen Ifrane au Maroc - 16/12/2014" }, "geometry": { "type": "Point", "coordinates": [ -5.078602, 33.412607, 0.0 ] } },
{ "type": "Feature", "properties": { "A_Nom": "Creux de Lachat", "B_Massif": "Alpes", "C_Sous_ensemble": "Bauges", "E_Departement": "73", "F_Commune": "Arith", "G_INSEE": "73020", "I_Coordonnees": "45.72434448262699;6.035738904402701", "J_Precision": "1", "K_Etat": "F", "L_Mesures": "N", "Lien_données": "", "Matériel": "", "Nature_sol": "", "TAF habité?": "", "T_Période de relevés": "", "Tnn": "", "Tnn (date)": "", "Tnn_Source données": "", "Altitude": 1298, "Profondeur": 17, "Superficie_ha": 6.4 }, "geometry": { "type": "Point", "coordinates": [ 6.035738904402701, 45.724344482626989, 0.0 ] } },
{ "type": "Feature", "properties": { "A_Nom": "Creux du Croue", "B_Massif": "Jura", "C_Sous_ensemble": "Jura Vaudois", "E_Departement": "", "F_Commune": "Arzier-Le Muids", "G_INSEE": "Suisse", "I_Coordonnees": "46.497218;6.123907", "J_Precision": "1", "K_Etat": "O", "L_Mesures": "O", "Lien_données": "", "Matériel": "", "Nature_sol": "", "TAF habité?": "", "T_Période de relevés": "", "Tnn": "", "Tnn (date)": "", "Tnn_Source données": "", "Altitude": 1350, "Profondeur": null, "Superficie_ha": null }, "geometry": { "type": "Point", "coordinates": [ 6.123907, 46.497218, 0.0 ] } },
{ "type": "Feature", "properties": { "A_Nom": "Cros d'Arène", "B_Massif": "Massif Central", "C_Sous_ensemble": "Gard", "E_Departement": "30", "F_Commune": "Issirac", "G_INSEE": "30134", "I_Coordonnees": "44.263189157946265;4.497042070288694", "J_Precision": "1", "K_Etat": "F", "L_Mesures": "O", "Lien_données": "", "Matériel": "", "Nature_sol": "", "TAF habité?": "", "T_Période de relevés": "", "Tnn": "", "Tnn (date)": "", "Tnn_Source données": "", "Altitude": 250, "Profondeur": 28, "Superficie_ha": 7.9 }, "geometry": { "type": "Point", "coordinates": [ 4.497042070288694, 44.263189157946265, 0.0 ] } },
{ "type": "Feature", "properties": { "A_Nom": "Cros de l'Embrasas", "B_Massif": "Massif Central", "C_Sous_ensemble": "Hérault", "E_Departement": "34", "F_Commune": "Galargues", "G_INSEE": "34110", "I_Coordonnees": "43.803850942233694;3.994165085187696", "J_Precision": "1", "K_Etat": "F", "L_Mesures": "N", "Lien_données": "", "Matériel": "", "Nature_sol": "", "TAF habité?": "", "T_Période de relevés": "", "Tnn": "", "Tnn (date)": "", "Tnn_Source données": "", "Altitude": 169, "Profondeur": 35, "Superficie_ha": 24.9 }, "geometry": { "type": "Point", "coordinates": [ 3.994165085187696, 43.803850942233694, 0.0 ] } },
{ "type": "Feature", "properties": { "A_Nom": "Cros del Pal", "B_Massif": "Massif Central", "C_Sous_ensemble": "Causse Méjean", "E_Departement": "48", "F_Commune": "Vebron", "G_INSEE": "48193", "I_Coordonnees": "44.23989365036283;3.485068227092126", "J_Precision": "1", "K_Etat": "F", "L_Mesures": "O", "Lien_données": "", "Matériel": "", "Nature_sol": "", "TAF habité?": "", "T_Période de relevés": "", "Tnn": "", "Tnn (date)": "", "Tnn_Source données": "", "Altitude": 1105, "Profondeur": 21, "Superficie_ha": 76.1 }, "geometry": { "type": "Point", "coordinates": [ 3.485068227092126, 44.239893650362831, 0.0 ] } },
{ "type": "Feature", "properties": { "A_Nom": "Cros Paradis", "B_Massif": "Massif Central", "C_Sous_ensemble": "", "E_Departement": "48", "F_Commune": "", "G_INSEE": "48400", "I_Coordonnees": "44.29831005500504;3.61991105336582", "J_Precision": "1", "K_Etat": "F", "L_Mesures": "N", "Lien_données": "", "Matériel": "", "Nature_sol": "", "TAF habité?": "non", "T_Période de relevés": "", "Tnn": "", "Tnn (date)": "", "Tnn_Source données": "", "Altitude": 1019, "Profondeur": 7, "Superficie_ha": 0.9 }, "geometry": { "type": "Point", "coordinates": [ 3.61991105336582, 44.298310055005039, 0.0 ] } },
{ "type": "Feature", "properties": { "A_Nom": "Cumba Clava", "B_Massif": "Alpes", "C_Sous_ensemble": "Mercantour", "E_Departement": "06", "F_Commune": "Beuil", "G_INSEE": "06470", "I_Coordonnees": "44.09085877789222;6.960039581114287", "J_Precision": "1", "K_Etat": "F", "L_Mesures": "N", "Lien_données": "", "Matériel": "", "Nature_sol": "", "TAF habité?": "", "T_Période de relevés": "", "Tnn": "", "Tnn (date)": "", "Tnn_Source données": "", "Altitude": 1542, "Profondeur": 25, "Superficie_ha": 26.7 }, "geometry": { "type": "Point", "coordinates": [ 6.960039581114287, 44.090858777892223, 0.0 ] } },
{ "type": "Feature", "properties": { "A_Nom": "Cuvette de Saint-Martin", "B_Massif": "Massif Central", "C_Sous_ensemble": "Hérault", "E_Departement": "34", "F_Commune": "Saint-Martin-de-Londres", "G_INSEE": "34274", "I_Coordonnees": "43.803642;3.759298", "J_Precision": "2", "K_Etat": "O", "L_Mesures": "O", "Lien_données": "", "Matériel": "", "Nature_sol": "", "TAF habité?": "", "T_Période de relevés": "", "Tnn": "-29", "Tnn (date)": "04/02/1963", "Tnn_Source données": "", "Altitude": 175, "Profondeur": null, "Superficie_ha": null }, "geometry": { "type": "Point", "coordinates": [ 3.759298, 43.803642, 0.0 ] } },
{ "type": "Feature", "properties": { "A_Nom": "Cuvette du Marquenterre I", "B_Massif": "Bassin Parisien", "C_Sous_ensemble": "", "E_Departement": "80", "F_Commune": "Saint-Quentin-en-Tourmont", "G_INSEE": "80713", "I_Coordonnees": "", "J_Precision": "1", "K_Etat": "F", "L_Mesures": "N", "Lien_données": "", "Matériel": "", "Nature_sol": "", "TAF habité?": "non", "T_Période de relevés": "", "Tnn": "", "Tnn (date)": "", "Tnn_Source données": "", "Altitude": 7, "Profondeur": 10, "Superficie_ha": 0.7 }, "geometry": { "type": "Point", "coordinates": [ 1.541231833775536, 50.284312337560131, 0.0 ] } },
{ "type": "Feature", "properties": { "A_Nom": "Darbounouse", "B_Massif": "Alpes", "C_Sous_ensemble": "Vercors", "E_Departement": "26", "F_Commune": "La Chapelle en Vercors", "G_INSEE": "26074", "I_Coordonnees": "44.96883521170505;5.476782968711161", "J_Precision": "1", "K_Etat": "F", "L_Mesures": "O", "Lien_données": "https://www.infoclimat.fr/observations-meteo/temps-reel/la-chapelle-en-vercors-combe-de-darbounouse/STATIC0213.html", "Matériel": "Dragino LSN50v2", "Nature_sol": "n5-4U - Urgonien indifférencié; G Glaciaire local würmien ou postwürnien du Vercors", "TAF habité?": "non", "T_Période de relevés": "01/12/2014 - en cours", "Tnn": "-34.6", "Tnn (date)": "13/02/2018", "Tnn_Source données": "https://www.infoclimat.fr/climatologie/normales-records/1981-2010/la-chapelle-en-vercors-combe-de-darbounouse/valeurs/STATIC0213.html", "Altitude": 1284, "Profondeur": 56, "Superficie_ha": 126.1 }, "geometry": { "type": "Point", "coordinates": [ 5.476782968711161, 44.968835211705048, 0.0 ] } },
{ "type": "Feature", "properties": { "A_Nom": "Deidenberg-Montenau", "B_Massif": "Ardenne", "C_Sous_ensemble": "", "E_Departement": "", "F_Commune": "Deidenberg", "G_INSEE": "Belgique", "I_Coordonnees": "50.353555;6.134234", "J_Precision": "2", "K_Etat": "O", "L_Mesures": "O", "Lien_données": "", "Matériel": "", "Nature_sol": "", "TAF habité?": "", "T_Période de relevés": "", "Tnn": "", "Tnn (date)": "", "Tnn_Source données": "", "Altitude": 427, "Profondeur": null, "Superficie_ha": null }, "geometry": { "type": "Point", "coordinates": [ 6.134234, 50.353555, 0.0 ] } },
{ "type": "Feature", "properties": { "A_Nom": "Dépression de Padulu", "B_Massif": "Corse", "C_Sous_ensemble": "Causse de Bonifacio", "E_Departement": "2A", "F_Commune": "Bonifacio", "G_INSEE": "2A041", "I_Coordonnees": "41.40549514943734;9.150459328471271", "J_Precision": "1", "K_Etat": "F", "L_Mesures": "N", "Lien_données": "", "Matériel": "", "Nature_sol": "Calcaires du Miocène", "TAF habité?": "non", "T_Période de relevés": "", "Tnn": "", "Tnn (date)": "", "Tnn_Source données": "", "Altitude": 76, "Profondeur": 2, "Superficie_ha": 9.7 }, "geometry": { "type": "Point", "coordinates": [ 9.150459328471271, 41.405495149437343, 0.0 ] } },
{ "type": "Feature", "properties": { "A_Nom": "Derbounouse", "B_Massif": "Alpes", "C_Sous_ensemble": "Vercors", "E_Departement": "26", "F_Commune": "Bouvante", "G_INSEE": "26059", "I_Coordonnees": "44.92629536834122;5.357921010216362", "J_Precision": "1", "K_Etat": "F", "L_Mesures": "O", "Lien_données": "https://www.infoclimat.fr/observations-meteo/temps-reel/bouvante-combe-de-derbounouse/000WJ.html", "Matériel": "Talkpool OY1110", "Nature_sol": "calcaires massifs blancs de l'Urgonien [n5U]", "TAF habité?": "non", "T_Période de relevés": "26/05/2021", "Tnn": "-31,8", "Tnn (date)": "14/01/2024", "Tnn_Source données": "https://www.infoclimat.fr/observations-meteo/archives/14/janvier/2024/bouvante-combe-de-derbounouse/000WJ.html", "Altitude": 1363, "Profondeur": 65, "Superficie_ha": 60.2, "Photo": "derbounouse","Photo_source": "Richard Gastinel - 21/01/2024"  }, "geometry": { "type": "Point", "coordinates": [ 5.357921010216362, 44.926295368341222, 0.0 ] } },
{ "type": "Feature", "properties": { "A_Nom": "Dolina Campoluzzo", "B_Massif": "Alpes", "C_Sous_ensemble": "Dolomites - Préalpes vicentines", "E_Departement": "", "F_Commune": "Asiago", "G_INSEE": "", "I_Coordonnees": "45.992909;11.518714", "J_Precision": "1", "K_Etat": "F", "L_Mesures": "O", "Lien_données": "https://doline.meteotriveneto.it/campoluzzo/", "Matériel": "", "Nature_sol": "Dolomie", "TAF habité?": "non", "T_Période de relevés": "17/10/2007", "Tnn": "-44,1", "Tnn (date)": "26/02/2018", "Tnn_Source données": "https://wwwold.arpa.veneto.it/bollettini/meteo60gg/Staz_501.htm", "Altitude": 1765, "Profondeur": 32, "Superficie_ha": 12.9 }, "geometry": { "type": "Point", "coordinates": [ 11.518714, 45.992909, 0.0 ] } },
{ "type": "Feature", "properties": { "A_Nom": "Dolina Visintini", "B_Massif": "", "C_Sous_ensemble": "", "E_Departement": "", "F_Commune": "Doberdò del Lago", "G_INSEE": "", "I_Coordonnees": "45.860924;13.565369", "J_Precision": "1", "K_Etat": "F", "L_Mesures": "O", "Lien_données": "https://www.meteogo.it/visentini.htm", "Matériel": "", "Nature_sol": "", "TAF habité?": "oui", "T_Période de relevés": "12/2008 - en cours", "Tnn": "-22,6", "Tnn (date)": "20/12/2009", "Tnn_Source données": "", "Altitude": 32, "Profondeur": 22, "Superficie_ha": 35.0 }, "geometry": { "type": "Point", "coordinates": [ 13.565369, 45.860924, 0.0 ] } },
{ "type": "Feature", "properties": { "A_Nom": "Doline - Lac de la Valette", "B_Massif": "Alpes", "C_Sous_ensemble": "Vanoise", "E_Departement": "73", "F_Commune": "Pralognan-la-Vanoise", "G_INSEE": "73206", "I_Coordonnees": "45.356530598779734;6.726776261057866", "J_Precision": "1", "K_Etat": "F", "L_Mesures": "N", "Lien_données": "", "Matériel": "", "Nature_sol": "", "TAF habité?": "", "T_Période de relevés": "", "Tnn": "", "Tnn (date)": "", "Tnn_Source données": "", "Altitude": 2456, "Profondeur": 43, "Superficie_ha": 17.5 }, "geometry": { "type": "Point", "coordinates": [ 6.726776261057866, 45.356530598779734, 0.0 ] } },
{ "type": "Feature", "properties": { "A_Nom": "Doline coté Lioujas", "B_Massif": "Massif Central", "C_Sous_ensemble": "Causse Comtal", "E_Departement": "12", "F_Commune": "Rodelle", "G_INSEE": "12201", "I_Coordonnees": "44.423179870515845;2.625545545389097", "J_Precision": "1", "K_Etat": "F", "L_Mesures": "O", "Lien_données": "", "Matériel": "", "Nature_sol": "", "TAF habité?": "", "T_Période de relevés": "", "Tnn": "", "Tnn (date)": "", "Tnn_Source données": "", "Altitude": 577, "Profondeur": 7, "Superficie_ha": 2.1 }, "geometry": { "type": "Point", "coordinates": [ 2.625545545389097, 44.423179870515845, 0.0 ] } },
{ "type": "Feature", "properties": { "A_Nom": "Doline d'Elhorta", "B_Massif": "Pyrénées", "C_Sous_ensemble": "Pays Basque", "E_Departement": "64", "F_Commune": "Béhorléguy", "G_INSEE": "64107", "I_Coordonnees": "43.125485283490114;-1.078916331260746", "J_Precision": "1", "K_Etat": "F", "L_Mesures": "N", "Lien_données": "", "Matériel": "", "Nature_sol": "", "TAF habité?": "", "T_Période de relevés": "", "Tnn": "", "Tnn (date)": "", "Tnn_Source données": "", "Altitude": 982, "Profondeur": 25, "Superficie_ha": 3.5 }, "geometry": { "type": "Point", "coordinates": [ -1.078916331260746, 43.125485283490114, 0.0 ] } },
{ "type": "Feature", "properties": { "A_Nom": "Doline de Camplanes", "B_Massif": "Massif Central", "C_Sous_ensemble": "Causse de Sauveterre", "E_Departement": "48", "F_Commune": "Massegros Causses Gorges", "G_INSEE": "48094", "I_Coordonnees": "44.27334178705709;3.13715594681007", "J_Precision": "1", "K_Etat": "F", "L_Mesures": "O", "Lien_données": "", "Matériel": "", "Nature_sol": "", "TAF habité?": "", "T_Période de relevés": "", "Tnn": "", "Tnn (date)": "", "Tnn_Source données": "", "Altitude": 845, "Profondeur": 27, "Superficie_ha": 34.3 }, "geometry": { "type": "Point", "coordinates": [ 3.13715594681007, 44.273341787057092, 0.0 ] } },
{ "type": "Feature", "properties": { "A_Nom": "Doline de Chaud-Clapier", "B_Massif": "Alpes", "C_Sous_ensemble": "Vercors", "E_Departement": "26", "F_Commune": "Bouvante", "G_INSEE": "26059", "I_Coordonnees": "44.915492944435584;5.336074556168756", "J_Precision": "1", "K_Etat": "F", "L_Mesures": "O", "Lien_données": "", "Matériel": "", "Nature_sol": "calcaires massifs blancs de la masse supérieure de l'Urgonien [n5U]", "TAF habité?": "non", "T_Période de relevés": "", "Tnn": "-33", "Tnn (date)": "14/01/2024", "Tnn_Source données": "https://forums.infoclimat.fr/f/topic/32413-les-trous-%C3%A0-froid-en-france/?do=findComment&comment=3802335", "Altitude": 1376, "Profondeur": 22, "Superficie_ha": 11.1, "Photo": "chaud clapier","Photo_source": "Richard Gastinel - 14/12/2024" }, "geometry": { "type": "Point", "coordinates": [ 5.336074556168756, 44.915492944435584, 0.0 ] } },
{ "type": "Feature", "properties": { "A_Nom": "Doline de la Vayssière", "B_Massif": "Massif Central", "C_Sous_ensemble": "Causse Comtal", "E_Departement": "12", "F_Commune": "Salles-la-Source", "G_INSEE": "12254", "I_Coordonnees": "44.45276087023279;2.574770412084725", "J_Precision": "1", "K_Etat": "F", "L_Mesures": "N", "Lien_données": "", "Matériel": "", "Nature_sol": "", "TAF habité?": "", "T_Période de relevés": "", "Tnn": "", "Tnn (date)": "", "Tnn_Source données": "", "Altitude": 540, "Profondeur": 11, "Superficie_ha": 36.0 }, "geometry": { "type": "Point", "coordinates": [ 2.574770412084725, 44.452760870232787, 0.0 ] } },
{ "type": "Feature", "properties": { "A_Nom": "Doline de Pessade", "B_Massif": "Massif Central", "C_Sous_ensemble": "Causse de Sauveterre", "E_Departement": "48", "F_Commune": "Sainte-Enimie", "G_INSEE": "48146", "I_Coordonnees": "44.39245379433683;3.400772511089566", "J_Precision": "1", "K_Etat": "F", "L_Mesures": "N", "Lien_données": "", "Matériel": "", "Nature_sol": "", "TAF habité?": "", "T_Période de relevés": "", "Tnn": "", "Tnn (date)": "", "Tnn_Source données": "", "Altitude": 839, "Profondeur": 28, "Superficie_ha": 60.9 }, "geometry": { "type": "Point", "coordinates": [ 3.400772511089566, 44.392453794336831, 0.0 ] } },
{ "type": "Feature", "properties": { "A_Nom": "Doline de Pombiac", "B_Massif": "Massif Central", "C_Sous_ensemble": "Causse de Sauveterre", "E_Departement": "48", "F_Commune": "Massegros Causses Gorges", "G_INSEE": "48094", "I_Coordonnees": "44.27959585520568;3.145553196610598", "J_Precision": "1", "K_Etat": "F", "L_Mesures": "O", "Lien_données": "", "Matériel": "", "Nature_sol": "", "TAF habité?": "", "T_Période de relevés": "", "Tnn": "", "Tnn (date)": "", "Tnn_Source données": "", "Altitude": 845, "Profondeur": 22, "Superficie_ha": 43.0 }, "geometry": { "type": "Point", "coordinates": [ 3.145553196610598, 44.279595855205677, 0.0 ] } },
{ "type": "Feature", "properties": { "A_Nom": "Doline de Solaison", "B_Massif": "Alpes", "C_Sous_ensemble": "Faucigny", "E_Departement": "74", "F_Commune": "Brizon", "G_INSEE": "74049", "I_Coordonnees": "46.028262519651626;6.422824192273332", "J_Precision": "1", "K_Etat": "F", "L_Mesures": "O", "Lien_données": "https://www.infoclimat.fr/observations-meteo/temps-reel/brizon-doline-de-solaison/STATIC0305.html", "Matériel": "Dragino LSN50v2", "Nature_sol": "n4-5 CaIcaires urgoniens (Barrémien - Bédoulien)", "TAF habité?": "non", "T_Période de relevés": "11/08/2024 - en cours", "Tnn": "-33,1", "Tnn (date)": "04/01/2025", "Tnn_Source données": "https://www.infoclimat.fr/climatologie/normales-records/1981-2010/brizon-doline-de-solaison/valeurs/STATIC0305.html", "Altitude": 1478, "Profondeur": 17, "Superficie_ha": 5.8 }, "geometry": { "type": "Point", "coordinates": [ 6.422824192273332, 46.028262519651626, 0.0 ] } },
{ "type": "Feature", "properties": { "A_Nom": "Doline de St-Antoine", "B_Massif": "Massif Central", "C_Sous_ensemble": "Causse de Sauveterre", "E_Departement": "48", "F_Commune": "Laval-du-Tarn", "G_INSEE": "48085", "I_Coordonnees": "44.38580213834911;3.34038335459055", "J_Precision": "1", "K_Etat": "F", "L_Mesures": "N", "Lien_données": "", "Matériel": "", "Nature_sol": "", "TAF habité?": "", "T_Période de relevés": "", "Tnn": "", "Tnn (date)": "", "Tnn_Source données": "", "Altitude": 836, "Profondeur": 34, "Superficie_ha": 55.5 }, "geometry": { "type": "Point", "coordinates": [ 3.34038335459055, 44.385802138349113, 0.0 ] } },
{ "type": "Feature", "properties": { "A_Nom": "Doline Derrière les Rochers", "B_Massif": "Jura", "C_Sous_ensemble": "Jura", "E_Departement": "25", "F_Commune": "Boujailles", "G_INSEE": "25079", "I_Coordonnees": "46.90024205015793;6.129697199188749", "J_Precision": "1", "K_Etat": "F", "L_Mesures": "N", "Lien_données": "", "Matériel": "", "Nature_sol": "", "TAF habité?": "", "T_Période de relevés": "", "Tnn": "", "Tnn (date)": "", "Tnn_Source données": "", "Altitude": 801, "Profondeur": 22, "Superficie_ha": 22.6 }, "geometry": { "type": "Point", "coordinates": [ 6.129697199188749, 46.900242050157928, 0.0 ] } },
{ "type": "Feature", "properties": { "A_Nom": "Doline des Plos", "B_Massif": "Massif Central", "C_Sous_ensemble": "Causse Méjean", "E_Departement": "48", "F_Commune": "Meyrueis", "G_INSEE": "48096", "I_Coordonnees": "44.21946922032503;3.3929494005887", "J_Precision": "1", "K_Etat": "F", "L_Mesures": "O", "Lien_données": "", "Matériel": "", "Nature_sol": "", "TAF habité?": "", "T_Période de relevés": "", "Tnn": "", "Tnn (date)": "", "Tnn_Source données": "", "Altitude": 932, "Profondeur": 28, "Superficie_ha": 410.5 }, "geometry": { "type": "Point", "coordinates": [ 3.3929494005887, 44.219469220325031, 0.0 ] } },
{ "type": "Feature", "properties": { "A_Nom": "Doline du col d'Aphanize", "B_Massif": "Pyrénées", "C_Sous_ensemble": "Pays Basque", "E_Departement": "64", "F_Commune": "Béhorléguy", "G_INSEE": "64107", "I_Coordonnees": "43.098868658707126;-1.052642688503767", "J_Precision": "1", "K_Etat": "F", "L_Mesures": "N", "Lien_données": "", "Matériel": "", "Nature_sol": "", "TAF habité?": "", "T_Période de relevés": "", "Tnn": "", "Tnn (date)": "", "Tnn_Source données": "", "Altitude": 1015, "Profondeur": 24, "Superficie_ha": 14.3 }, "geometry": { "type": "Point", "coordinates": [ -1.052642688503767, 43.098868658707126, 0.0 ] } },
{ "type": "Feature", "properties": { "A_Nom": "Doline du Pramecou", "B_Massif": "Alpes", "C_Sous_ensemble": "Vanoise", "E_Departement": "73", "F_Commune": "Tignes", "G_INSEE": "73296", "I_Coordonnees": "45.43907475822302;6.872432534103107", "J_Precision": "1", "K_Etat": "F", "L_Mesures": "N", "Lien_données": "", "Matériel": "", "Nature_sol": "Gz: formations glaciaires récentes (marbres,calcoschistes)", "TAF habité?": "non", "T_Période de relevés": "", "Tnn": "", "Tnn (date)": "", "Tnn_Source données": "", "Altitude": 2680, "Profondeur": 27, "Superficie_ha": 5.7 }, "geometry": { "type": "Point", "coordinates": [ 6.872432534103107, 45.439074758223022, 0.0 ] } },
{ "type": "Feature", "properties": { "A_Nom": "Doline entre le Souc et les Sicades", "B_Massif": "Massif Central", "C_Sous_ensemble": "Causse Méjean", "E_Departement": "48", "F_Commune": "Vebron", "G_INSEE": "48193", "I_Coordonnees": "44.23978034449222;3.511047880660517", "J_Precision": "1", "K_Etat": "F", "L_Mesures": "N", "Lien_données": "", "Matériel": "", "Nature_sol": "", "TAF habité?": "", "T_Période de relevés": "", "Tnn": "", "Tnn (date)": "", "Tnn_Source données": "", "Altitude": 1056, "Profondeur": 44, "Superficie_ha": 130.9 }, "geometry": { "type": "Point", "coordinates": [ 3.511047880660517, 44.239780344492218, 0.0 ] } },
{ "type": "Feature", "properties": { "A_Nom": "Doline inférieure de Kizilanlak", "B_Massif": "Taurus occidental", "C_Sous_ensemble": "Dedegöl Dag", "E_Departement": "", "F_Commune": "Eldere", "G_INSEE": "Turquie", "I_Coordonnees": "37.653741;31.280555", "J_Precision": "1", "K_Etat": "F", "L_Mesures": "N", "Lien_données": "", "Matériel": "", "Nature_sol": "complexe calcaro-dolomitique du Trias moyen-supérieur", "TAF habité?": "non", "T_Période de relevés": "", "Tnn": "", "Tnn (date)": "", "Tnn_Source données": "", "Altitude": 2422, "Profondeur": 37, "Superficie_ha": 4.5 }, "geometry": { "type": "Point", "coordinates": [ 31.280555, 37.653741, 0.0 ] } },
{ "type": "Feature", "properties": { "A_Nom": "Doline Ouest du Kizilanlak", "B_Massif": "Taurus occidental", "C_Sous_ensemble": "Dedegöl Dag", "E_Departement": "", "F_Commune": "Eldere", "G_INSEE": "Turquie", "I_Coordonnees": "37.653539;31.266553", "J_Precision": "1", "K_Etat": "F", "L_Mesures": "N", "Lien_données": "", "Matériel": "", "Nature_sol": "complexe calcaro-dolomitique du Trias moyen-supérieur", "TAF habité?": "non", "T_Période de relevés": "", "Tnn": "", "Tnn (date)": "", "Tnn_Source données": "", "Altitude": 2613, "Profondeur": 64, "Superficie_ha": 6.3 }, "geometry": { "type": "Point", "coordinates": [ 31.266553, 37.653539, 0.0 ] } },
{ "type": "Feature", "properties": { "A_Nom": "Doline sud - Puech Poncet", "B_Massif": "Massif Central", "C_Sous_ensemble": "Causse de Sauveterre", "E_Departement": "48", "F_Commune": "Laval-du-Tarn", "G_INSEE": "48085", "I_Coordonnees": "44.42375397738628;3.367028198197761", "J_Precision": "1", "K_Etat": "F", "L_Mesures": "O", "Lien_données": "", "Matériel": "", "Nature_sol": "", "TAF habité?": "", "T_Période de relevés": "", "Tnn": "", "Tnn (date)": "", "Tnn_Source données": "", "Altitude": 899, "Profondeur": 18, "Superficie_ha": 14.1 }, "geometry": { "type": "Point", "coordinates": [ 3.367028198197761, 44.423753977386284, 0.0 ] } },
{ "type": "Feature", "properties": { "A_Nom": "Doline Weidenwang", "B_Massif": "Ceinture alpine", "C_Sous_ensemble": "Jura souabe", "E_Departement": "", "F_Commune": "Sonnenbühl", "G_INSEE": "", "I_Coordonnees": "48.393308;9.237185", "J_Precision": "1", "K_Etat": "F", "L_Mesures": "O", "Lien_données": "", "Matériel": "", "Nature_sol": "", "TAF habité?": "non", "T_Période de relevés": "", "Tnn": "-43", "Tnn (date)": "", "Tnn_Source données": "https://www.wetterring.de/ - Roland Hummel", "Altitude": 789, "Profondeur": 17, "Superficie_ha": 15.0 }, "geometry": { "type": "Point", "coordinates": [ 9.237185, 48.393308, 0.0 ] } },
{ "type": "Feature", "properties": { "A_Nom": "Egmond aan den Hoef", "B_Massif": "", "C_Sous_ensemble": "", "E_Departement": "", "F_Commune": "Egmond aan den Hoef", "G_INSEE": "", "I_Coordonnees": "52.630289;4.649309", "J_Precision": "1", "K_Etat": "F", "L_Mesures": "O", "Lien_données": "", "Matériel": "", "Nature_sol": "", "TAF habité?": "non", "T_Période de relevés": "06/2019 - en cours (?)", "Tnn": "-20", "Tnn (date)": "11/02/2021", "Tnn_Source données": "Karel Holvoet", "Altitude": 9, "Profondeur": 9, "Superficie_ha": 0.4 }, "geometry": { "type": "Point", "coordinates": [ 4.649309, 52.630289, 0.0 ] } },
{ "type": "Feature", "properties": { "A_Nom": "Estables - Froidviala", "B_Massif": "Massif Central", "C_Sous_ensemble": "Margeride", "E_Departement": "48", "F_Commune": "Mont de Randon", "G_INSEE": "48127", "I_Coordonnees": "44.667686;3.504872", "J_Precision": "2", "K_Etat": "O", "L_Mesures": "?", "Lien_données": "", "Matériel": "", "Nature_sol": "", "TAF habité?": "", "T_Période de relevés": "", "Tnn": "", "Tnn (date)": "", "Tnn_Source données": "", "Altitude": 1210, "Profondeur": null, "Superficie_ha": null }, "geometry": { "type": "Point", "coordinates": [ 3.504872, 44.667686, 0.0 ] } },
{ "type": "Feature", "properties": { "A_Nom": "Etang de Fleury", "B_Massif": "Pyrénées", "C_Sous_ensemble": "", "E_Departement": "11", "F_Commune": "Fleury", "G_INSEE": "11145", "I_Coordonnees": "43.212759499889515;3.130426163459278", "J_Precision": "1", "K_Etat": "F", "L_Mesures": "?", "Lien_données": "", "Matériel": "", "Nature_sol": "", "TAF habité?": "", "T_Période de relevés": "", "Tnn": "", "Tnn (date)": "", "Tnn_Source données": "", "Altitude": 27, "Profondeur": 11, "Superficie_ha": 259.4 }, "geometry": { "type": "Point", "coordinates": [ 3.130426163459278, 43.212759499889515, 0.0 ] } },
{ "type": "Feature", "properties": { "A_Nom": "Etang des Pradels", "B_Massif": "Massif Central", "C_Sous_ensemble": "Hérault", "E_Departement": "34", "F_Commune": "Quarante", "G_INSEE": "34226", "I_Coordonnees": "43.32060889763601;2.972068348884227", "J_Precision": "1", "K_Etat": "F", "L_Mesures": "N", "Lien_données": "", "Matériel": "", "Nature_sol": "", "TAF habité?": "", "T_Période de relevés": "", "Tnn": "", "Tnn (date)": "", "Tnn_Source données": "", "Altitude": 27, "Profondeur": 5, "Superficie_ha": 57.3 }, "geometry": { "type": "Point", "coordinates": [ 2.972068348884227, 43.320608897636014, 0.0 ] } },
{ "type": "Feature", "properties": { "A_Nom": "Fond d'Andouze", "B_Massif": "Pyrénées", "C_Sous_ensemble": "Pyrénnées", "E_Departement": "09", "F_Commune": "Prades", "G_INSEE": "09232", "I_Coordonnees": "42.78844210437639;1.849501670238947", "J_Precision": "1", "K_Etat": "F", "L_Mesures": "N", "Lien_données": "", "Matériel": "", "Nature_sol": "", "TAF habité?": "", "T_Période de relevés": "", "Tnn": "", "Tnn (date)": "", "Tnn_Source données": "", "Altitude": 1616, "Profondeur": 22, "Superficie_ha": 15.5 }, "geometry": { "type": "Point", "coordinates": [ 1.849501670238947, 42.788442104376387, 0.0 ] } },
{ "type": "Feature", "properties": { "A_Nom": "Forêt du Risol - sous le Gros Crêt", "B_Massif": "Jura", "C_Sous_ensemble": "Jura", "E_Departement": "25", "F_Commune": "Mouthe", "G_INSEE": "25413", "I_Coordonnees": "46.665476406841336;6.233805335036504", "J_Precision": "1", "K_Etat": "F", "L_Mesures": "N", "Lien_données": "", "Matériel": "", "Nature_sol": "", "TAF habité?": "", "T_Période de relevés": "", "Tnn": "", "Tnn (date)": "", "Tnn_Source données": "", "Altitude": 1280, "Profondeur": 21, "Superficie_ha": 4.0 }, "geometry": { "type": "Point", "coordinates": [ 6.233805335036504, 46.665476406841336, 0.0 ] } },
{ "type": "Feature", "properties": { "A_Nom": "Fossé Noyon", "B_Massif": "Bassin Parisien", "C_Sous_ensemble": "", "E_Departement": "80", "F_Commune": "Amiens", "G_INSEE": "80090", "I_Coordonnees": "49.882942;2.31112", "J_Precision": "1", "K_Etat": "F", "L_Mesures": "O", "Lien_données": "https://www.infoclimat.fr/observations-meteo/temps-reel/amiens-fosse-noyon/000WK.html", "Matériel": "OY1110", "Nature_sol": "LP - Limons des plateaux", "TAF habité?": "oui", "T_Période de relevés": "08/01/2021 - en cours", "Tnn": "-12", "Tnn (date)": "19/01/2024", "Tnn_Source données": "Infoclimat", "Altitude": 42, "Profondeur": 2, "Superficie_ha": 1.3 }, "geometry": { "type": "Point", "coordinates": [ 2.31112, 49.882942, 0.0 ] } },
{ "type": "Feature", "properties": { "A_Nom": "Funtanaccia", "B_Massif": "Corse", "C_Sous_ensemble": "Causse de Bonifacio", "E_Departement": "2A", "F_Commune": "Bonifacio", "G_INSEE": "2A041", "I_Coordonnees": "41.39925297283314;9.185248921880111", "J_Precision": "1", "K_Etat": "F", "L_Mesures": "N", "Lien_données": "", "Matériel": "", "Nature_sol": "m2-3B - Formation de Bonifacio, calcarénites et sables fins consolidés du Miocène", "TAF habité?": "non", "T_Période de relevés": "", "Tnn": "", "Tnn (date)": "", "Tnn_Source données": "", "Altitude": 44, "Profondeur": 19, "Superficie_ha": 55.5 }, "geometry": { "type": "Point", "coordinates": [ 9.185248921880111, 41.399252972833139, 0.0 ] } },
{ "type": "Feature", "properties": { "A_Nom": "Funtensee", "B_Massif": "Alpes", "C_Sous_ensemble": "Alpes bavaroises - Berchtesgadener Alpen", "E_Departement": "", "F_Commune": "Berchtesgaden", "G_INSEE": "", "I_Coordonnees": "47.4934;12.939367", "J_Precision": "1", "K_Etat": "F", "L_Mesures": "O", "Lien_données": "", "Matériel": "", "Nature_sol": "", "TAF habité?": "non", "T_Période de relevés": "", "Tnn": "-45,8", "Tnn (date)": "25/01/2000", "Tnn_Source données": "https://pure.mpg.de/pubman/item/item_995036_2/component/file_995035/DMG_2005_12.pdf", "Altitude": 1601, "Profondeur": 79, "Superficie_ha": 80.0 }, "geometry": { "type": "Point", "coordinates": [ 12.939367, 47.4934, 0.0 ] } },
{ "type": "Feature", "properties": { "A_Nom": "G Kloster-Butgenbach", "B_Massif": "Ardenne", "C_Sous_ensemble": "", "E_Departement": "", "F_Commune": "Butgenbach", "G_INSEE": "Belgique", "I_Coordonnees": "50.489460;6.156573", "J_Precision": "2", "K_Etat": "O", "L_Mesures": "O", "Lien_données": "", "Matériel": "", "Nature_sol": "", "TAF habité?": "", "T_Période de relevés": "", "Tnn": "-18.6", "Tnn (date)": "20/01/2024", "Tnn_Source données": "https://www.bmcb.be/coldspots/", "Altitude": 538, "Profondeur": 0, "Superficie_ha": null }, "geometry": { "type": "Point", "coordinates": [ 6.156453, 50.48946, 0.0 ] } },
{ "type": "Feature", "properties": { "A_Nom": "Gelles", "B_Massif": "Massif Central", "C_Sous_ensemble": "Monts Dôme", "E_Departement": "63", "F_Commune": "Gelles", "G_INSEE": "63163", "I_Coordonnees": "45.768051;2.758152", "J_Precision": "3", "K_Etat": "O", "L_Mesures": "O", "Lien_données": "", "Matériel": "", "Nature_sol": "", "TAF habité?": "", "T_Période de relevés": "", "Tnn": "", "Tnn (date)": "", "Tnn_Source données": "", "Altitude": 850, "Profondeur": null, "Superficie_ha": null }, "geometry": { "type": "Point", "coordinates": [ 2.758152, 45.768051, 0.0 ] } },
{ "type": "Feature", "properties": { "A_Nom": "Glattalp", "B_Massif": "Alpes", "C_Sous_ensemble": "Schwyzer Alpen", "E_Departement": "", "F_Commune": "Muotathal", "G_INSEE": "", "I_Coordonnees": "46.915639;8.878723", "J_Precision": "1", "K_Etat": "F", "L_Mesures": "O", "Lien_données": "https://glattalp.ch/de/wetter/", "Matériel": "", "Nature_sol": "Calcaires", "TAF habité?": "non", "T_Période de relevés": "", "Tnn": "-52,5", "Tnn (date)": "07/02/1991", "Tnn_Source données": "", "Altitude": 1850, "Profondeur": 10, "Superficie_ha": 70.0 }, "geometry": { "type": "Point", "coordinates": [ 8.878723, 46.915639, 0.0 ] } },
{ "type": "Feature", "properties": { "A_Nom": "Grafen Weiher", "B_Massif": "Vosges", "C_Sous_ensemble": "", "E_Departement": "57", "F_Commune": "Dabo", "G_INSEE": "57163", "I_Coordonnees": "48.614306;7.26877", "J_Precision": "1", "K_Etat": "O", "L_Mesures": "?", "Lien_données": "", "Matériel": "", "Nature_sol": "", "TAF habité?": "", "T_Période de relevés": "", "Tnn": "", "Tnn (date)": "", "Tnn_Source données": "", "Altitude": 595, "Profondeur": null, "Superficie_ha": null }, "geometry": { "type": "Point", "coordinates": [ 7.26877, 48.614306, 0.0 ] } },
{ "type": "Feature", "properties": { "A_Nom": "Grand'Combe-Châteleu", "B_Massif": "Jura", "C_Sous_ensemble": "Jura", "E_Departement": "25", "F_Commune": "Grand'Combe-Châteleu", "G_INSEE": "25285", "I_Coordonnees": "47.035943;6.582477", "J_Precision": "3", "K_Etat": "O", "L_Mesures": "O", "Lien_données": "", "Matériel": "", "Nature_sol": "", "TAF habité?": "", "T_Période de relevés": "", "Tnn": "", "Tnn (date)": "", "Tnn_Source données": "", "Altitude": 755, "Profondeur": null, "Superficie_ha": null }, "geometry": { "type": "Point", "coordinates": [ 6.582477, 47.035943, 0.0 ] } },
{ "type": "Feature", "properties": { "A_Nom": "Grande-Maison", "B_Massif": "Jura", "C_Sous_ensemble": "Jura", "E_Departement": "39", "F_Commune": "Coteaux du Lizon", "G_INSEE": "39491", "I_Coordonnees": "46.42778515874315;5.775650953460463", "J_Precision": "1", "K_Etat": "F", "L_Mesures": "?", "Lien_données": "", "Matériel": "", "Nature_sol": "", "TAF habité?": "", "T_Période de relevés": "", "Tnn": "", "Tnn (date)": "", "Tnn_Source données": "", "Altitude": 823, "Profondeur": 4, "Superficie_ha": 10.4 }, "geometry": { "type": "Point", "coordinates": [ 5.775650953460463, 46.427785158743148, 0.0 ] } },
{ "type": "Feature", "properties": { "A_Nom": "Grandru-Vaux/Sûre", "B_Massif": "Ardenne", "C_Sous_ensemble": "", "E_Departement": "", "F_Commune": "Vaux-sur-Sûre", "G_INSEE": "Belgique", "I_Coordonnees": "49.928681;5.672379", "J_Precision": "2", "K_Etat": "O", "L_Mesures": "O", "Lien_données": "", "Matériel": "", "Nature_sol": "", "TAF habité?": "", "T_Période de relevés": "", "Tnn": "", "Tnn (date)": "", "Tnn_Source données": "", "Altitude": 453, "Profondeur": null, "Superficie_ha": null }, "geometry": { "type": "Point", "coordinates": [ 5.672379, 49.928681, 0.0 ] } },
{ "type": "Feature", "properties": { "A_Nom": "Gréolières-les-Neiges", "B_Massif": "Alpes", "C_Sous_ensemble": "Préalpes de Castellane", "E_Departement": "06", "F_Commune": "Gréolières", "G_INSEE": "06070", "I_Coordonnees": "43.831332569876366;6.960648148780952", "J_Precision": "1", "K_Etat": "F", "L_Mesures": "O", "Lien_données": "https://www.infoclimat.fr/stations/metadonnees.php?id=STATIC0278", "Matériel": "Dragino LSN50v2", "Nature_sol": "j9b-n1. Portlandien supérieur—Berriasien. Calcaires blancs", "TAF habité?": "oui", "T_Période de relevés": "15/07/2023 - 02/02/2025", "Tnn": "-30", "Tnn (date)": "08/01/2021", "Tnn_Source données": "https://www.infoclimat.fr/photolive-photos-meteo-266846--30.html?&start=49080", "Altitude": 1380, "Profondeur": 30, "Superficie_ha": 47.5 }, "geometry": { "type": "Point", "coordinates": [ 6.960648148780952, 43.831332569876366, 0.0 ] } },
{ "type": "Feature", "properties": { "A_Nom": "Gros Arnaud", "B_Massif": "Alpes", "C_Sous_ensemble": "Monts de Vaucluse", "E_Departement": "04", "F_Commune": "Simiane-la-Rotonde", "G_INSEE": "04208", "I_Coordonnees": "44.021452;5.543677", "J_Precision": "1", "K_Etat": "O", "L_Mesures": "O", "Lien_données": "", "Matériel": "", "Nature_sol": "", "TAF habité?": "", "T_Période de relevés": "", "Tnn": "", "Tnn (date)": "", "Tnn_Source données": "", "Altitude": 801, "Profondeur": null, "Superficie_ha": null }, "geometry": { "type": "Point", "coordinates": [ 5.543677, 44.021452, 0.0 ] } },
{ "type": "Feature", "properties": { "A_Nom": "Grünloch", "B_Massif": "Alpes", "C_Sous_ensemble": "Ybbstaler Alpen - Eisenwurzen", "E_Departement": "", "F_Commune": "Lunz am See", "G_INSEE": "", "I_Coordonnees": "47.820259;15.04509", "J_Precision": "1", "K_Etat": "F", "L_Mesures": "O", "Lien_données": "", "Matériel": "", "Nature_sol": "", "TAF habité?": "non", "T_Période de relevés": "", "Tnn": "-52,7", "Tnn (date)": "02/1932", "Tnn_Source données": "https://www.dwd.de/DE/leistungen/pbfb_verlag_promet/pdf_promethefte/98_pdf.pdf?__blob=publicationFile&v=2", "Altitude": 1270, "Profondeur": 50, "Superficie_ha": 30.0, "Photo": "grunloch","Photo_source": "Bernhard Pospichal - Université de Vienne - 11/2001"  }, "geometry": { "type": "Point", "coordinates": [ 15.04509, 47.820259, 0.0 ] } },
{ "type": "Feature", "properties": { "A_Nom": "Haut-Thorenc  L'embut", "B_Massif": "Alpes", "C_Sous_ensemble": "Préalpes de Castellane", "E_Departement": "06", "F_Commune": "Andon", "G_INSEE": "06003", "I_Coordonnees": "43.797186;6.842763", "J_Precision": "2", "K_Etat": "O", "L_Mesures": "N", "Lien_données": "", "Matériel": "", "Nature_sol": "", "TAF habité?": "", "T_Période de relevés": "", "Tnn": "", "Tnn (date)": "", "Tnn_Source données": "", "Altitude": 1162, "Profondeur": null, "Superficie_ha": null }, "geometry": { "type": "Point", "coordinates": [ 6.842763, 43.797186, 0.0 ] } },
{ "type": "Feature", "properties": { "A_Nom": "Herbouilly", "B_Massif": "Alpes", "C_Sous_ensemble": "Vercors", "E_Departement": "26", "F_Commune": "Saint-Martin-en-Vercors", "G_INSEE": "26420", "I_Coordonnees": "45.02494753151472;5.472914444217735", "J_Precision": "1", "K_Etat": "F", "L_Mesures": "O", "Lien_données": "", "Matériel": "", "Nature_sol": "", "TAF habité?": "non", "T_Période de relevés": "", "Tnn": "-21,1", "Tnn (date)": "19/01/2021", "Tnn_Source données": "https://www.infoclimat.fr/observations-meteo/archives/19/janvier/2021/herbouilly/000UI.html", "Altitude": 1258, "Profondeur": 50, "Superficie_ha": 82.7 }, "geometry": { "type": "Point", "coordinates": [ 5.472914444217735, 45.024947531514719, 0.0 ] } },
{ "type": "Feature", "properties": { "A_Nom": "Hintergräppelen", "B_Massif": "Alpes", "C_Sous_ensemble": "Appenzeller Alpen", "E_Departement": "", "F_Commune": "Alt Sankt Johann", "G_INSEE": "", "I_Coordonnees": "47.209133;9.275893", "J_Precision": "1", "K_Etat": "F", "L_Mesures": "O", "Lien_données": "https://kaltluftseen.ch/daten-von-kaltluftseen/hintergraeppelen/hintergraeppelen-aktuelle-messwerte/", "Matériel": "SHT35 Sensirion", "Nature_sol": "", "TAF habité?": "non", "T_Période de relevés": "24/11/2016 - en cours", "Tnn": "-38,2", "Tnn (date)": "06/01/2017", "Tnn_Source données": "", "Altitude": 1290, "Profondeur": 35, "Superficie_ha": 35.0 }, "geometry": { "type": "Point", "coordinates": [ 9.275893, 47.209133, 0.0 ] } },
{ "type": "Feature", "properties": { "A_Nom": "Hoya de la Paúl", "B_Massif": "Pyrénées", "C_Sous_ensemble": "Massif des Posets", "E_Departement": "", "F_Commune": "Bénasque", "G_INSEE": "", "I_Coordonnees": "42.671266;0.455428", "J_Precision": "1", "K_Etat": "F", "L_Mesures": "O", "Lien_données": "", "Matériel": "", "Nature_sol": "Schistes et calcaires", "TAF habité?": "non", "T_Période de relevés": "16/11/2015 - en cours (?)", "Tnn": "-33,1", "Tnn (date)": "17/02/2016", "Tnn_Source données": "", "Altitude": 2493, "Profondeur": 48, "Superficie_ha": 6.0 }, "geometry": { "type": "Point", "coordinates": [ 0.455428, 42.671266, 0.0 ] } },
{ "type": "Feature", "properties": { "A_Nom": "Issanlas", "B_Massif": "Massif Central", "C_Sous_ensemble": "Monts du Vivarais", "E_Departement": "07", "F_Commune": "Issanlas", "G_INSEE": "07130", "I_Coordonnees": "44.766557;4.02209", "J_Precision": "2", "K_Etat": "O", "L_Mesures": "O", "Lien_données": "https://www.infoclimat.fr/climatologie/annee/2023/issanlas/valeurs/STATIC0073.html", "Matériel": "Talkpool OY1110", "Nature_sol": "", "TAF habité?": "non", "T_Période de relevés": "15/08/2022 - 08/11/2023", "Tnn": "-19,2", "Tnn (date)": "08/02/2023", "Tnn_Source données": "https://www.infoclimat.fr/observations-meteo/archives/8/fevrier/2023/issanlas/STATIC0073.html", "Altitude": 1186, "Profondeur": 0, "Superficie_ha": 45.0 }, "geometry": { "type": "Point", "coordinates": [ 4.02209, 44.766557, 0.0 ] } },
{ "type": "Feature", "properties": { "A_Nom": "Kechroti - Mt Mainalos", "B_Massif": "Péloponnèse", "C_Sous_ensemble": "Mont Mainalos", "E_Departement": "", "F_Commune": "Vytina", "G_INSEE": "", "I_Coordonnees": "37.659603;22.226565", "J_Precision": "1", "K_Etat": "F", "L_Mesures": "O", "Lien_données": "", "Matériel": "Davis VP2 - https://youtu.be/TjxGH6JYb78", "Nature_sol": "Calcaire", "TAF habité?": "non", "T_Période de relevés": "11/2010 - 11/2017", "Tnn": "-35,3", "Tnn (date)": "17/01/2012", "Tnn_Source données": "https://www.meteo.gr/article_view.cfm?entryID=488", "Altitude": 1613, "Profondeur": 33, "Superficie_ha": 113.0 }, "geometry": { "type": "Point", "coordinates": [ 22.226565, 37.659603, 0.0 ] } },
{ "type": "Feature", "properties": { "A_Nom": "L'encombrette", "B_Massif": "Alpes", "C_Sous_ensemble": "Mercantour", "E_Departement": "04", "F_Commune": "Colmars", "G_INSEE": "04061", "I_Coordonnees": "44.21451594816913;6.698942153460936", "J_Precision": "1", "K_Etat": "F", "L_Mesures": "N", "Lien_données": "", "Matériel": "", "Nature_sol": "", "TAF habité?": "", "T_Période de relevés": "", "Tnn": "", "Tnn (date)": "", "Tnn_Source données": "", "Altitude": 2291, "Profondeur": 30, "Superficie_ha": 14.0 }, "geometry": { "type": "Point", "coordinates": [ 6.698942153460936, 44.214515948169129, 0.0 ] } },
{ "type": "Feature", "properties": { "A_Nom": "L'étang", "B_Massif": "Pyrénées", "C_Sous_ensemble": "", "E_Departement": "11", "F_Commune": "Ouveillan", "G_INSEE": "11269", "I_Coordonnees": "43.27482546119842;2.971715021525318", "J_Precision": "1", "K_Etat": "F", "L_Mesures": "O", "Lien_données": "", "Matériel": "", "Nature_sol": "", "TAF habité?": "", "T_Période de relevés": "", "Tnn": "", "Tnn (date)": "", "Tnn_Source données": "", "Altitude": 7, "Profondeur": 13, "Superficie_ha": 227.3 }, "geometry": { "type": "Point", "coordinates": [ 2.971715021525318, 43.274825461198418, 0.0 ] } },
{ "type": "Feature", "properties": { "A_Nom": "L'étang de Montady", "B_Massif": "Massif Central", "C_Sous_ensemble": "Hérault", "E_Departement": "34", "F_Commune": "Montady", "G_INSEE": "34161", "I_Coordonnees": "43.31013957886755;3.126347190904321", "J_Precision": "1", "K_Etat": "F", "L_Mesures": "O", "Lien_données": "", "Matériel": "", "Nature_sol": "", "TAF habité?": "", "T_Période de relevés": "", "Tnn": "", "Tnn (date)": "", "Tnn_Source données": "", "Altitude": 18, "Profondeur": 7, "Superficie_ha": 491.4 }, "geometry": { "type": "Point", "coordinates": [ 3.126347190904321, 43.310139578867549, 0.0 ] } },
{ "type": "Feature", "properties": { "A_Nom": "L'Habitarelle", "B_Massif": "Massif Central", "C_Sous_ensemble": "Margeride", "E_Departement": "48", "F_Commune": "Châteauneuf-de-Randon", "G_INSEE": "48043", "I_Coordonnees": "44.629647;3.673983", "J_Precision": "1", "K_Etat": "O", "L_Mesures": "O", "Lien_données": "", "Matériel": "", "Nature_sol": "", "TAF habité?": "oui", "T_Période de relevés": "", "Tnn": "-32", "Tnn (date)": "10/02/1956", "Tnn_Source données": "Météo-France", "Altitude": 1175, "Profondeur": null, "Superficie_ha": null }, "geometry": { "type": "Point", "coordinates": [ 3.673983, 44.629647, 0.0 ] } },
{ "type": "Feature", "properties": { "A_Nom": "La Brévine - Lac des Taillères (gelé)", "B_Massif": "Jura", "C_Sous_ensemble": "Jura Bernois", "E_Departement": "", "F_Commune": "La Brévine", "G_INSEE": "Suisse", "I_Coordonnees": "46.9673;6.57426", "J_Precision": "1", "K_Etat": "F", "L_Mesures": "O", "Lien_données": "", "Matériel": "", "Nature_sol": "calcaires de l’Hauterivien", "TAF habité?": "oui", "T_Période de relevés": "1896", "Tnn": "-41,8", "Tnn (date)": "12/01/1987", "Tnn_Source données": "https://www.meteoschweiz.admin.ch/klima/klima-der-schweiz/rekorde-und-extreme.html", "Altitude": 1036, "Profondeur": 55, "Superficie_ha": 200.0 }, "geometry": { "type": "Point", "coordinates": [ 6.57426, 46.9673, 0.0 ] } },
{ "type": "Feature", "properties": { "A_Nom": "La Cailleuse-tourbière", "B_Massif": "Bassin Parisien", "C_Sous_ensemble": "", "E_Departement": "95", "F_Commune": "Saint-Leu-la-Forêt", "G_INSEE": "95563", "I_Coordonnees": "49.040433;2.255616", "J_Precision": "1", "K_Etat": "O", "L_Mesures": "O", "Lien_données": "", "Matériel": "Thermomètre manuel à mini/maxi", "Nature_sol": "Stampien supérieur « Sables de Fontainebleau » (g2b)", "TAF habité?": "non", "T_Période de relevés": "", "Tnn": "", "Tnn (date)": "", "Tnn_Source données": "https://iasef.fr/pdf/bulletin22.pdf", "Altitude": 144, "Profondeur": 0, "Superficie_ha": 0.2 }, "geometry": { "type": "Point", "coordinates": [ 2.255616, 49.040433, 0.0 ] } },
{ "type": "Feature", "properties": { "A_Nom": "La Chaux d'Abel", "B_Massif": "Jura", "C_Sous_ensemble": "Jura Bernois", "E_Departement": "", "F_Commune": "La Ferrière/Sonvilier/St-Imier", "G_INSEE": "Suisse", "I_Coordonnees": "47.176545;6.946583", "J_Precision": "2", "K_Etat": "F", "L_Mesures": "O", "Lien_données": "https://kaltluftseen.ch/la-chaux-dabel/", "Matériel": "SHT35 Sensirion", "Nature_sol": "Séquanien (J7), Kimméridgien (J8), Portlandien (J9)  Calcaires - \"R\" Formations résiduelles (Argiles de décalcification) + tourbe", "TAF habité?": "oui", "T_Période de relevés": "11/01/2018 - en cours", "Tnn": "-29,9", "Tnn (date)": "04/01/2025", "Tnn_Source données": "https://kaltluftseen.ch/la-chaux-dabel-messresultate/cda_202112/", "Altitude": 1000, "Profondeur": 30, "Superficie_ha": 235.0 }, "geometry": { "type": "Point", "coordinates": [ 6.946583, 47.176545, 0.0 ] } },
{ "type": "Feature", "properties": { "A_Nom": "La Chaux de Gilley", "B_Massif": "Jura", "C_Sous_ensemble": "Jura", "E_Departement": "25", "F_Commune": "La Chaux", "G_INSEE": "25139", "I_Coordonnees": "47.02264520565566;6.432714684849008", "J_Precision": "1", "K_Etat": "F", "L_Mesures": "O", "Lien_données": "", "Matériel": "Dragino LSN50v2", "Nature_sol": "", "TAF habité?": "oui", "T_Période de relevés": "19/11/2021 - en cours", "Tnn": "-27,4", "Tnn (date)": "04/01/2025", "Tnn_Source données": "https://www.infoclimat.fr/climatologie/normales-records/1991-2020/la-chaux-village/valeurs/STATIC0109.html", "Altitude": 873, "Profondeur": 11, "Superficie_ha": 59.1 }, "geometry": { "type": "Point", "coordinates": [ 6.432714684849008, 47.022645205655657, 0.0 ] } },
{ "type": "Feature", "properties": { "A_Nom": "La Chaux Sèche (Sèche du Risoux?)", "B_Massif": "Jura", "C_Sous_ensemble": "Jura", "E_Departement": "39", "F_Commune": "Bellefontaine", "G_INSEE": "39047", "I_Coordonnees": "46.55723291704218;6.122773463790089", "J_Precision": "1", "K_Etat": "F", "L_Mesures": "N", "Lien_données": "", "Matériel": "", "Nature_sol": "", "TAF habité?": "", "T_Période de relevés": "", "Tnn": "", "Tnn (date)": "", "Tnn_Source données": "", "Altitude": 1177, "Profondeur": 12, "Superficie_ha": 18.1 }, "geometry": { "type": "Point", "coordinates": [ 6.122773463790089, 46.557232917042178, 0.0 ] } },
{ "type": "Feature", "properties": { "A_Nom": "La Combe - L'Auberson", "B_Massif": "Jura", "C_Sous_ensemble": "Jura Bernois", "E_Departement": "", "F_Commune": "L'Auberson", "G_INSEE": "Suisse", "I_Coordonnees": "46.822189;6.47717", "J_Precision": "1", "K_Etat": "F", "L_Mesures": "N", "Lien_données": "", "Matériel": "", "Nature_sol": "n2-1. Valanginien Calcaire", "TAF habité?": "oui", "T_Période de relevés": "", "Tnn": "", "Tnn (date)": "", "Tnn_Source données": "", "Altitude": 1050, "Profondeur": 16, "Superficie_ha": 6.0 }, "geometry": { "type": "Point", "coordinates": [ 6.47717, 46.822189, 0.0 ] } },
{ "type": "Feature", "properties": { "A_Nom": "La Combe - Soulages", "B_Massif": "Massif Central", "C_Sous_ensemble": "Causse de Sauveterre", "E_Departement": "48", "F_Commune": "Massegros Causses Gorges", "G_INSEE": "48094", "I_Coordonnees": "44.32954836908516;3.221456827083596", "J_Precision": "1", "K_Etat": "F", "L_Mesures": "N", "Lien_données": "", "Matériel": "", "Nature_sol": "", "TAF habité?": "", "T_Période de relevés": "", "Tnn": "", "Tnn (date)": "", "Tnn_Source données": "", "Altitude": 818, "Profondeur": 40, "Superficie_ha": 51.4 }, "geometry": { "type": "Point", "coordinates": [ 3.221456827083596, 44.32954836908516, 0.0 ] } },
{ "type": "Feature", "properties": { "A_Nom": "La Combe de Landoz", "B_Massif": "Jura", "C_Sous_ensemble": "Jura", "E_Departement": "25", "F_Commune": "Chaux-neuve", "G_INSEE": "25142", "I_Coordonnees": "46.64508039780569;6.185629213061867", "J_Precision": "1", "K_Etat": "F", "L_Mesures": "N", "Lien_données": "", "Matériel": "", "Nature_sol": "", "TAF habité?": "", "T_Période de relevés": "", "Tnn": "", "Tnn (date)": "", "Tnn_Source données": "", "Altitude": 1238, "Profondeur": 11, "Superficie_ha": 5.5 }, "geometry": { "type": "Point", "coordinates": [ 6.185629213061867, 46.645080397805692, 0.0 ] } },
{ "type": "Feature", "properties": { "A_Nom": "La Combe des Cives", "B_Massif": "Jura", "C_Sous_ensemble": "Jura", "E_Departement": "25", "F_Commune": "Chapelle-des-Bois", "G_INSEE": "25121", "I_Coordonnees": "46.620583826628405;6.133304023225702", "J_Precision": "1", "K_Etat": "F", "L_Mesures": "O", "Lien_données": "", "Matériel": "", "Nature_sol": "", "TAF habité?": "", "T_Période de relevés": "", "Tnn": "", "Tnn (date)": "", "Tnn_Source données": "", "Altitude": 1078, "Profondeur": 8, "Superficie_ha": 41.8 }, "geometry": { "type": "Point", "coordinates": [ 6.133304023225702, 46.620583826628405, 0.0 ] } },
{ "type": "Feature", "properties": { "A_Nom": "La Cruse à Niallet", "B_Massif": "Jura", "C_Sous_ensemble": "Jura", "E_Departement": "39", "F_Commune": "Besain", "G_INSEE": "39050", "I_Coordonnees": "46.774815145592825;5.784922034068726", "J_Precision": "1", "K_Etat": "F", "L_Mesures": "N", "Lien_données": "", "Matériel": "", "Nature_sol": "", "TAF habité?": "", "T_Période de relevés": "", "Tnn": "", "Tnn (date)": "", "Tnn_Source données": "", "Altitude": 514, "Profondeur": 10, "Superficie_ha": 87.9 }, "geometry": { "type": "Point", "coordinates": [ 5.784922034068726, 46.774815145592825, 0.0 ] } },
{ "type": "Feature", "properties": { "A_Nom": "La Gaudine", "B_Massif": "Jura", "C_Sous_ensemble": "Jura", "E_Departement": "39", "F_Commune": "Cuvier", "G_INSEE": "39187", "I_Coordonnees": "46.84792229148657;6.066069098901586", "J_Precision": "1", "K_Etat": "F", "L_Mesures": "O", "Lien_données": "", "Matériel": "", "Nature_sol": "", "TAF habité?": "", "T_Période de relevés": "", "Tnn": "", "Tnn (date)": "", "Tnn_Source données": "", "Altitude": 811, "Profondeur": 9, "Superficie_ha": 15.0 }, "geometry": { "type": "Point", "coordinates": [ 6.066069098901586, 46.847922291486569, 0.0 ] } },
{ "type": "Feature", "properties": { "A_Nom": "La Glacière-Défilé de Straiture", "B_Massif": "Vosges", "C_Sous_ensemble": "", "E_Departement": "88", "F_Commune": "Ban-sur-Meurthe-Clefcy", "G_INSEE": "88106", "I_Coordonnees": "48.109979;6.967086", "J_Precision": "1", "K_Etat": "O", "L_Mesures": "O", "Lien_données": "", "Matériel": "", "Nature_sol": "", "TAF habité?": "", "T_Période de relevés": "", "Tnn": "", "Tnn (date)": "", "Tnn_Source données": "", "Altitude": 700, "Profondeur": null, "Superficie_ha": null }, "geometry": { "type": "Point", "coordinates": [ 6.967086, 48.109979, 0.0 ] } },
{ "type": "Feature", "properties": { "A_Nom": "La Grivine", "B_Massif": "Jura", "C_Sous_ensemble": "Jura Vaudois", "E_Departement": "", "F_Commune": "Saint-Cergue", "G_INSEE": "Suisse", "I_Coordonnees": "46.453183;6.100697", "J_Precision": "2", "K_Etat": "F", "L_Mesures": "O", "Lien_données": "", "Matériel": "", "Nature_sol": "", "TAF habité?": "", "T_Période de relevés": "", "Tnn": "", "Tnn (date)": "", "Tnn_Source données": "", "Altitude": 1200, "Profondeur": null, "Superficie_ha": null }, "geometry": { "type": "Point", "coordinates": [ 6.100697, 46.453183, 0.0 ] } },
{ "type": "Feature", "properties": { "A_Nom": "La Grosse Fraite", "B_Massif": "Jura", "C_Sous_ensemble": "Jura", "E_Departement": "25", "F_Commune": "Mouthe", "G_INSEE": "25413", "I_Coordonnees": "46.67948239693816;6.221899177323091", "J_Precision": "1", "K_Etat": "F", "L_Mesures": "N", "Lien_données": "", "Matériel": "", "Nature_sol": "", "TAF habité?": "", "T_Période de relevés": "", "Tnn": "", "Tnn (date)": "", "Tnn_Source données": "", "Altitude": 1147, "Profondeur": 10, "Superficie_ha": 9.2 }, "geometry": { "type": "Point", "coordinates": [ 6.221899177323091, 46.679482396938162, 0.0 ] } },
{ "type": "Feature", "properties": { "A_Nom": "La Jeanette", "B_Massif": "Alpes", "C_Sous_ensemble": "Monts de Vaucluse", "E_Departement": "84", "F_Commune": "St Christol", "G_INSEE": "84107", "I_Coordonnees": "44.05185928895282;5.537436940015691", "J_Precision": "1", "K_Etat": "F", "L_Mesures": "O", "Lien_données": "", "Matériel": "", "Nature_sol": "", "TAF habité?": "", "T_Période de relevés": "", "Tnn": "", "Tnn (date)": "", "Tnn_Source données": "", "Altitude": 849, "Profondeur": 14, "Superficie_ha": 8.6 }, "geometry": { "type": "Point", "coordinates": [ 5.537436940015691, 44.051859288952819, 0.0 ] } },
{ "type": "Feature", "properties": { "A_Nom": "La Lande - Soulages", "B_Massif": "Massif Central", "C_Sous_ensemble": "Causse de Sauveterre", "E_Departement": "48", "F_Commune": "Massegros Causses Gorges", "G_INSEE": "48094", "I_Coordonnees": "44.33037887451322;3.201495450329451", "J_Precision": "1", "K_Etat": "F", "L_Mesures": "N", "Lien_données": "", "Matériel": "", "Nature_sol": "", "TAF habité?": "", "T_Période de relevés": "", "Tnn": "", "Tnn (date)": "", "Tnn_Source données": "", "Altitude": 775, "Profondeur": 68, "Superficie_ha": 124.2 }, "geometry": { "type": "Point", "coordinates": [ 3.201495450329451, 44.330378874513222, 0.0 ] } },
{ "type": "Feature", "properties": { "A_Nom": "La Lèque", "B_Massif": "Massif Central", "C_Sous_ensemble": "Gard", "E_Departement": "30", "F_Commune": "Lussan", "G_INSEE": "30151", "I_Coordonnees": "44.189568;4.360123", "J_Precision": "1", "K_Etat": "O", "L_Mesures": "O", "Lien_données": "https://www.infoclimat.fr/observations-meteo/temps-reel/lussan-la-leque/000ZW.html", "Matériel": "Talkpool OY1110", "Nature_sol": "", "TAF habité?": "oui", "T_Période de relevés": "15/01/2022 - en cours", "Tnn": "-12,9", "Tnn (date)": "27/02/2022", "Tnn_Source données": "https://www.infoclimat.fr/climatologie/normales-records/1991-2020/lussan-la-leque/valeurs/000ZW.html", "Altitude": 255, "Profondeur": null, "Superficie_ha": null }, "geometry": { "type": "Point", "coordinates": [ 4.360123, 44.189568, 0.0 ] } },
{ "type": "Feature", "properties": { "A_Nom": "La Méjeanne", "B_Massif": "Massif Central", "C_Sous_ensemble": "Monts du Vivarais", "E_Departement": "07", "F_Commune": "Lavillatte", "G_INSEE": "07660", "I_Coordonnees": "44.768933;3.953512", "J_Precision": "2", "K_Etat": "O", "L_Mesures": "O", "Lien_données": "", "Matériel": "", "Nature_sol": "", "TAF habité?": "", "T_Période de relevés": "", "Tnn": "", "Tnn (date)": "", "Tnn_Source données": "", "Altitude": 1202, "Profondeur": null, "Superficie_ha": null }, "geometry": { "type": "Point", "coordinates": [ 3.953512, 44.768933, 0.0 ] } },
{ "type": "Feature", "properties": { "A_Nom": "La Petite/Vieille Landoz", "B_Massif": "Jura", "C_Sous_ensemble": "Jura", "E_Departement": "25", "F_Commune": "Sarrageois", "G_INSEE": "25534", "I_Coordonnees": "46.68504547325722;6.245446518008807", "J_Precision": "1", "K_Etat": "F", "L_Mesures": "O", "Lien_données": "", "Matériel": "", "Nature_sol": "", "TAF habité?": "", "T_Période de relevés": "", "Tnn": "", "Tnn (date)": "", "Tnn_Source données": "", "Altitude": 1198, "Profondeur": 45, "Superficie_ha": 70.0 }, "geometry": { "type": "Point", "coordinates": [ 6.245446518008807, 46.685045473257219, 0.0 ] } },
{ "type": "Feature", "properties": { "A_Nom": "La Roche du Creux", "B_Massif": "Jura", "C_Sous_ensemble": "Jura", "E_Departement": "39", "F_Commune": "Bois d'Amont", "G_INSEE": "39059", "I_Coordonnees": "46.55344684435869;6.143384666724956", "J_Precision": "1", "K_Etat": "F", "L_Mesures": "N", "Lien_données": "", "Matériel": "", "Nature_sol": "", "TAF habité?": "non", "T_Période de relevés": "", "Tnn": "", "Tnn (date)": "", "Tnn_Source données": "", "Altitude": 1155, "Profondeur": 10, "Superficie_ha": 3.2 }, "geometry": { "type": "Point", "coordinates": [ 6.143384666724956, 46.553446844358689, 0.0 ] } },
{ "type": "Feature", "properties": { "A_Nom": "La Sauvetat -Les Narces", "B_Massif": "Massif Central", "C_Sous_ensemble": "Monts du Velay", "E_Departement": "43", "F_Commune": "Landos", "G_INSEE": "43111", "I_Coordonnees": "44.857209;3.860302", "J_Precision": "2", "K_Etat": "O", "L_Mesures": "?", "Lien_données": "", "Matériel": "", "Nature_sol": "", "TAF habité?": "", "T_Période de relevés": "", "Tnn": "", "Tnn (date)": "", "Tnn_Source données": "", "Altitude": 1057, "Profondeur": null, "Superficie_ha": null }, "geometry": { "type": "Point", "coordinates": [ 3.860302, 44.857209, 0.0 ] } },
{ "type": "Feature", "properties": { "A_Nom": "La vallée sans issue", "B_Massif": "Pyrénées", "C_Sous_ensemble": "Pays de Sault", "E_Departement": "11", "F_Commune": "Aunat", "G_INSEE": "11019", "I_Coordonnees": "42.787948284476855;2.099653350469216", "J_Precision": "1", "K_Etat": "F", "L_Mesures": "N", "Lien_données": "", "Matériel": "", "Nature_sol": "", "TAF habité?": "", "T_Période de relevés": "", "Tnn": "", "Tnn (date)": "", "Tnn_Source données": "", "Altitude": 921, "Profondeur": 20, "Superficie_ha": 91.4 }, "geometry": { "type": "Point", "coordinates": [ 2.099653350469216, 42.787948284476855, 0.0 ] } },
{ "type": "Feature", "properties": { "A_Nom": "La Vrine", "B_Massif": "Jura", "C_Sous_ensemble": "Jura", "E_Departement": "25", "F_Commune": "Goux-les-Usiers", "G_INSEE": "25282", "I_Coordonnees": "46.97996864638405;6.328540649075528", "J_Precision": "1", "K_Etat": "F", "L_Mesures": "N", "Lien_données": "", "Matériel": "", "Nature_sol": "", "TAF habité?": "", "T_Période de relevés": "", "Tnn": "", "Tnn (date)": "", "Tnn_Source données": "", "Altitude": 814, "Profondeur": 24, "Superficie_ha": 157.3 }, "geometry": { "type": "Point", "coordinates": [ 6.328540649075528, 46.979968646384052, 0.0 ] } },
{ "type": "Feature", "properties": { "A_Nom": "Lac à la Dame", "B_Massif": "Jura", "C_Sous_ensemble": "Jura", "E_Departement": "39", "F_Commune": "Foncine-le-Bas", "G_INSEE": "39227", "I_Coordonnees": "46.632555;6.013488", "J_Precision": "2", "K_Etat": "O", "L_Mesures": "O", "Lien_données": "", "Matériel": "", "Nature_sol": "", "TAF habité?": "", "T_Période de relevés": "", "Tnn": "", "Tnn (date)": "", "Tnn_Source données": "", "Altitude": 878, "Profondeur": null, "Superficie_ha": null }, "geometry": { "type": "Point", "coordinates": [ 6.013488, 46.632555, 0.0 ] } },
{ "type": "Feature", "properties": { "A_Nom": "Lac Blanc", "B_Massif": "Alpes", "C_Sous_ensemble": "Vanoise", "E_Departement": "73", "F_Commune": "Pralognan-la-Vanoise", "G_INSEE": "73206", "I_Coordonnees": "45.29132935616384;6.656879673841079", "J_Precision": "1", "K_Etat": "F", "L_Mesures": "N", "Lien_données": "", "Matériel": "", "Nature_sol": "", "TAF habité?": "", "T_Période de relevés": "", "Tnn": "", "Tnn (date)": "", "Tnn_Source données": "", "Altitude": 2483, "Profondeur": 6, "Superficie_ha": 0.6 }, "geometry": { "type": "Point", "coordinates": [ 6.656879673841079, 45.291329356163843, 0.0 ] } },
{ "type": "Feature", "properties": { "A_Nom": "Lac d'Allos", "B_Massif": "Alpes", "C_Sous_ensemble": "Mercantour", "E_Departement": "04", "F_Commune": "Allos", "G_INSEE": "04006", "I_Coordonnees": "44.23773963029888;6.709010858451491", "J_Precision": "1", "K_Etat": "F", "L_Mesures": "N", "Lien_données": "", "Matériel": "", "Nature_sol": "", "TAF habité?": "", "T_Période de relevés": "", "Tnn": "", "Tnn (date)": "", "Tnn_Source données": "", "Altitude": 2221, "Profondeur": 47, "Superficie_ha": 99.4 }, "geometry": { "type": "Point", "coordinates": [ 6.709010858451491, 44.237739630298883, 0.0 ] } },
{ "type": "Feature", "properties": { "A_Nom": "Lac d'Anterne", "B_Massif": "Alpes", "C_Sous_ensemble": "Haut-Giffre", "E_Departement": "74", "F_Commune": "Passy", "G_INSEE": "74208", "I_Coordonnees": "45.992643973392425;6.792866754585305", "J_Precision": "1", "K_Etat": "F", "L_Mesures": "N", "Lien_données": "", "Matériel": "", "Nature_sol": "", "TAF habité?": "", "T_Période de relevés": "", "Tnn": "", "Tnn (date)": "", "Tnn_Source données": "", "Altitude": 2057, "Profondeur": 11, "Superficie_ha": 28.4 }, "geometry": { "type": "Point", "coordinates": [ 6.792866754585305, 45.992643973392425, 0.0 ] } },
{ "type": "Feature", "properties": { "A_Nom": "Lac de Flaine", "B_Massif": "Alpes", "C_Sous_ensemble": "Haut-Giffre", "E_Departement": "74", "F_Commune": "Magland", "G_INSEE": "74159", "I_Coordonnees": "46.00069077233836;6.671004954188431", "J_Precision": "1", "K_Etat": "F", "L_Mesures": "N", "Lien_données": "", "Matériel": "", "Nature_sol": "", "TAF habité?": "", "T_Période de relevés": "", "Tnn": "", "Tnn (date)": "", "Tnn_Source données": "", "Altitude": 1416, "Profondeur": 85, "Superficie_ha": 51.7 }, "geometry": { "type": "Point", "coordinates": [ 6.671004954188431, 46.000690772338359, 0.0 ] } },
{ "type": "Feature", "properties": { "A_Nom": "Lac de l'Abbaye (gelé)", "B_Massif": "Jura", "C_Sous_ensemble": "Jura", "E_Departement": "39", "F_Commune": "Grande-Rivière Château", "G_INSEE": "39258", "I_Coordonnees": "46.524604913349386;5.907030305368457", "J_Precision": "1", "K_Etat": "F", "L_Mesures": "O", "Lien_données": "", "Matériel": "", "Nature_sol": "", "TAF habité?": "", "T_Période de relevés": "", "Tnn": "", "Tnn (date)": "", "Tnn_Source données": "", "Altitude": 873, "Profondeur": 5, "Superficie_ha": 143.1 }, "geometry": { "type": "Point", "coordinates": [ 5.907030305368457, 46.524604913349386, 0.0 ] } },
{ "type": "Feature", "properties": { "A_Nom": "Lac de la Fauge", "B_Massif": "Jura", "C_Sous_ensemble": "Jura", "E_Departement": "39", "F_Commune": "Etival", "G_INSEE": "39216", "I_Coordonnees": "46.49296826616309;5.806849286151253", "J_Precision": "1", "K_Etat": "F", "L_Mesures": "N", "Lien_données": "", "Matériel": "", "Nature_sol": "", "TAF habité?": "", "T_Période de relevés": "", "Tnn": "", "Tnn (date)": "", "Tnn_Source données": "", "Altitude": 892, "Profondeur": 12, "Superficie_ha": 9.6 }, "geometry": { "type": "Point", "coordinates": [ 5.806849286151253, 46.492968266163089, 0.0 ] } },
{ "type": "Feature", "properties": { "A_Nom": "Lac de la Montagnette", "B_Massif": "Alpes", "C_Sous_ensemble": "Mercantour", "E_Departement": "04", "F_Commune": "Larche", "G_INSEE": "04100", "I_Coordonnees": "44.4579797291784;6.895973414257813", "J_Precision": "1", "K_Etat": "F", "L_Mesures": "N", "Lien_données": "", "Matériel": "", "Nature_sol": "", "TAF habité?": "", "T_Période de relevés": "", "Tnn": "", "Tnn (date)": "", "Tnn_Source données": "", "Altitude": 2384, "Profondeur": 21, "Superficie_ha": 9.5 }, "geometry": { "type": "Point", "coordinates": [ 6.895973414257813, 44.457979729178398, 0.0 ] } },
{ "type": "Feature", "properties": { "A_Nom": "Lac de Viry", "B_Massif": "Jura", "C_Sous_ensemble": "Jura", "E_Departement": "39", "F_Commune": "Viry", "G_INSEE": "39579", "I_Coordonnees": "46.277887;5.72312", "J_Precision": "2", "K_Etat": "O", "L_Mesures": "N", "Lien_données": "", "Matériel": "", "Nature_sol": "", "TAF habité?": "", "T_Période de relevés": "", "Tnn": "", "Tnn (date)": "", "Tnn_Source données": "", "Altitude": 757, "Profondeur": null, "Superficie_ha": null }, "geometry": { "type": "Point", "coordinates": [ 5.72312, 46.277887, 0.0 ] } },
{ "type": "Feature", "properties": { "A_Nom": "Lac des Garrets", "B_Massif": "Alpes", "C_Sous_ensemble": "Mercantour", "E_Departement": "06", "F_Commune": "Entraunes", "G_INSEE": "06056", "I_Coordonnees": "44.24780004763922;6.726316830245214", "J_Precision": "1", "K_Etat": "F", "L_Mesures": "N", "Lien_données": "", "Matériel": "", "Nature_sol": "", "TAF habité?": "", "T_Période de relevés": "", "Tnn": "", "Tnn (date)": "", "Tnn_Source données": "", "Altitude": 2620, "Profondeur": 23, "Superficie_ha": 5.9 }, "geometry": { "type": "Point", "coordinates": [ 6.726316830245214, 44.247800047639217, 0.0 ] } },
{ "type": "Feature", "properties": { "A_Nom": "Landos - Les Narces", "B_Massif": "Massif Central", "C_Sous_ensemble": "Monts du Velay", "E_Departement": "43", "F_Commune": "Landos", "G_INSEE": "43111", "I_Coordonnees": "44.834782;3.821672", "J_Precision": "2", "K_Etat": "O", "L_Mesures": "?", "Lien_données": "", "Matériel": "", "Nature_sol": "", "TAF habité?": "", "T_Période de relevés": "", "Tnn": "", "Tnn (date)": "", "Tnn_Source données": "", "Altitude": 1071, "Profondeur": null, "Superficie_ha": null }, "geometry": { "type": "Point", "coordinates": [ 3.821672, 44.834782, 0.0 ] } },
{ "type": "Feature", "properties": { "A_Nom": "Le Cernétrou", "B_Massif": "Jura", "C_Sous_ensemble": "Jura", "E_Departement": "39", "F_Commune": "La Pesse", "G_INSEE": "39370", "I_Coordonnees": "46.272989492139665;5.834490932251439", "J_Precision": "1", "K_Etat": "F", "L_Mesures": "O", "Lien_données": "", "Matériel": "", "Nature_sol": "Argovien et Oxfordien : Marno-calcaires", "TAF habité?": "non", "T_Période de relevés": "", "Tnn": "-27,6", "Tnn (date)": "04/01/2026", "Tnn_Source données": "https://forums.infoclimat.fr/f/topic/60516-automne-hiver-20252026-dans-les-massifs-de-l%E2%80%99est/?do=findComment&comment=4039425", "Altitude": 1173, "Profondeur": 13, "Superficie_ha": 29.9 }, "geometry": { "type": "Point", "coordinates": [ 5.834490932251439, 46.272989492139665, 0.0 ] } },
{ "type": "Feature", "properties": { "A_Nom": "Le Champ de Ly", "B_Massif": "Jura", "C_Sous_ensemble": "Jura", "E_Departement": "39", "F_Commune": "Chaux-Champagny", "G_INSEE": "39133", "I_Coordonnees": "46.86015880051158;5.882726115935913", "J_Precision": "1", "K_Etat": "F", "L_Mesures": "O", "Lien_données": "", "Matériel": "", "Nature_sol": "", "TAF habité?": "", "T_Période de relevés": "", "Tnn": "", "Tnn (date)": "", "Tnn_Source données": "", "Altitude": 610, "Profondeur": 32, "Superficie_ha": 69.3 }, "geometry": { "type": "Point", "coordinates": [ 5.882726115935913, 46.860158800511577, 0.0 ] } },
{ "type": "Feature", "properties": { "A_Nom": "Le Cros", "B_Massif": "Alpes", "C_Sous_ensemble": "Mercantour", "E_Departement": "06", "F_Commune": "Pierlas", "G_INSEE": "06260", "I_Coordonnees": "44.060126212749175;7.017098567845157", "J_Precision": "1", "K_Etat": "F", "L_Mesures": "N", "Lien_données": "", "Matériel": "", "Nature_sol": "l4-6 Lias moyen à supérieur, Marno-calcaires", "TAF habité?": "non", "T_Période de relevés": "", "Tnn": "", "Tnn (date)": "", "Tnn_Source données": "", "Altitude": 1861, "Profondeur": 40, "Superficie_ha": 2.8 }, "geometry": { "type": "Point", "coordinates": [ 7.017098567845157, 44.060126212749175, 0.0 ] } },
{ "type": "Feature", "properties": { "A_Nom": "Le Glacier", "B_Massif": "Jura", "C_Sous_ensemble": "Jura", "E_Departement": "39", "F_Commune": "Morbier", "G_INSEE": "39367", "I_Coordonnees": "46.58554920855065;6.061975888289155", "J_Precision": "1", "K_Etat": "F", "L_Mesures": "O", "Lien_données": "", "Matériel": "", "Nature_sol": "", "TAF habité?": "", "T_Période de relevés": "", "Tnn": "", "Tnn (date)": "", "Tnn_Source données": "", "Altitude": 1070, "Profondeur": 13, "Superficie_ha": 16.4 }, "geometry": { "type": "Point", "coordinates": [ 6.061975888289155, 46.585549208550653, 0.0 ] } },
{ "type": "Feature", "properties": { "A_Nom": "Le Gouturier", "B_Massif": "Alpes", "C_Sous_ensemble": "Dévoluy", "E_Departement": "05", "F_Commune": "Dévoluy", "G_INSEE": "05139", "I_Coordonnees": "44.72390576190825;5.826559008149705", "J_Precision": "1", "K_Etat": "F", "L_Mesures": "N", "Lien_données": "", "Matériel": "", "Nature_sol": "", "TAF habité?": "", "T_Période de relevés": "", "Tnn": "", "Tnn (date)": "", "Tnn_Source données": "", "Altitude": 2172, "Profondeur": 57, "Superficie_ha": 7.9 }, "geometry": { "type": "Point", "coordinates": [ 5.826559008149705, 44.723905761908249, 0.0 ] } },
{ "type": "Feature", "properties": { "A_Nom": "Le Grand Sagnat", "B_Massif": "Alpes", "C_Sous_ensemble": "Vercors", "E_Departement": "26", "F_Commune": "Vassieux en Vercors", "G_INSEE": "26364", "I_Coordonnees": "44.8558915743387;5.352893970915935", "J_Precision": "1", "K_Etat": "F", "L_Mesures": "N", "Lien_données": "", "Matériel": "", "Nature_sol": "", "TAF habité?": "", "T_Période de relevés": "", "Tnn": "", "Tnn (date)": "", "Tnn_Source données": "", "Altitude": 1227, "Profondeur": 17, "Superficie_ha": 4.8 }, "geometry": { "type": "Point", "coordinates": [ 5.352893970915935, 44.855891574338699, 0.0 ] } },
{ "type": "Feature", "properties": { "A_Nom": "Le Grand Trou", "B_Massif": "Alpes", "C_Sous_ensemble": "Monts de Vaucluse", "E_Departement": "84", "F_Commune": "St Christol", "G_INSEE": "84107", "I_Coordonnees": "44.047355520304016;5.505643942453275", "J_Precision": "1", "K_Etat": "F", "L_Mesures": "O", "Lien_données": "", "Matériel": "", "Nature_sol": "", "TAF habité?": "", "T_Période de relevés": "", "Tnn": "", "Tnn (date)": "", "Tnn_Source données": "", "Altitude": 823, "Profondeur": 11, "Superficie_ha": 3.1 }, "geometry": { "type": "Point", "coordinates": [ 5.505643942453275, 44.047355520304016, 0.0 ] } },
{ "type": "Feature", "properties": { "A_Nom": "Le Lac (Col de Rossanaz)", "B_Massif": "Alpes", "C_Sous_ensemble": "Bauges", "E_Departement": "73", "F_Commune": "Aillon-le-Vieux", "G_INSEE": "73005", "I_Coordonnees": "45.65019896651153;6.116791983803735", "J_Precision": "1", "K_Etat": "F", "L_Mesures": "N", "Lien_données": "", "Matériel": "", "Nature_sol": "n4-5a\tBarrémien - Aptien inférieur : Calcaires urgoniens", "TAF habité?": "non", "T_Période de relevés": "", "Tnn": "", "Tnn (date)": "", "Tnn_Source données": "", "Altitude": 1684, "Profondeur": 29, "Superficie_ha": 7.5 }, "geometry": { "type": "Point", "coordinates": [ 6.116791983803735, 45.650198966511532, 0.0 ] } },
{ "type": "Feature", "properties": { "A_Nom": "Le Marais", "B_Massif": "Jura", "C_Sous_ensemble": "Jura", "E_Departement": "39", "F_Commune": "Etival", "G_INSEE": "39216", "I_Coordonnees": "46.48865479184683;5.791116655729091", "J_Precision": "1", "K_Etat": "F", "L_Mesures": "N", "Lien_données": "", "Matériel": "", "Nature_sol": "", "TAF habité?": "", "T_Période de relevés": "", "Tnn": "", "Tnn (date)": "", "Tnn_Source données": "", "Altitude": 790, "Profondeur": 15, "Superficie_ha": 46.9 }, "geometry": { "type": "Point", "coordinates": [ 5.791116655729091, 46.488654791846827, 0.0 ] } },
{ "type": "Feature", "properties": { "A_Nom": "Le Marouby", "B_Massif": "Massif Central", "C_Sous_ensemble": "Plateau de Millevaches", "E_Departement": "19", "F_Commune": "Bonnefond", "G_INSEE": "19027", "I_Coordonnees": "45.505459;1.972718", "J_Precision": "2", "K_Etat": "O", "L_Mesures": "N", "Lien_données": "", "Matériel": "", "Nature_sol": "", "TAF habité?": "", "T_Période de relevés": "", "Tnn": "", "Tnn (date)": "", "Tnn_Source données": "", "Altitude": 684, "Profondeur": null, "Superficie_ha": null }, "geometry": { "type": "Point", "coordinates": [ 1.972718, 45.505459, 0.0 ] } },
{ "type": "Feature", "properties": { "A_Nom": "Le Mazet", "B_Massif": "Massif Central", "C_Sous_ensemble": "Causse de Sauveterre", "E_Departement": "48", "F_Commune": "Massegros Causses Gorges", "G_INSEE": "48094", "I_Coordonnees": "44.34611680550922;3.148508854507223", "J_Precision": "1", "K_Etat": "F", "L_Mesures": "N", "Lien_données": "", "Matériel": "", "Nature_sol": "", "TAF habité?": "", "T_Période de relevés": "", "Tnn": "", "Tnn (date)": "", "Tnn_Source données": "", "Altitude": 820, "Profondeur": 50, "Superficie_ha": 74.6 }, "geometry": { "type": "Point", "coordinates": [ 3.148508854507223, 44.346116805509219, 0.0 ] } },
{ "type": "Feature", "properties": { "A_Nom": "Le Moulin Courbet", "B_Massif": "Massif Central", "C_Sous_ensemble": "Monts du Vivarais", "E_Departement": "07", "F_Commune": "Lachapelle-Graillouse", "G_INSEE": "07121", "I_Coordonnees": "44.790137;4.002593", "J_Precision": "2", "K_Etat": "O", "L_Mesures": "N", "Lien_données": "https://www.infoclimat.fr/observations-meteo/temps-reel/lachapelle-graillouse-moulin-de-courbet/STATIC0407.html", "Matériel": "Vantage VUE", "Nature_sol": "", "TAF habité?": "oui", "T_Période de relevés": "22/02/2023 - ? - en cours", "Tnn": "-18,8", "Tnn (date)": "13/01/2024", "Tnn_Source données": "https://www.infoclimat.fr/observations-meteo/archives/13/janvier/2024/lachapelle-graillouse-moulin-de-courbet/STATIC0120.html", "Altitude": 1134, "Profondeur": 0, "Superficie_ha": null }, "geometry": { "type": "Point", "coordinates": [ 4.002593, 44.790137, 0.0 ] } },
{ "type": "Feature", "properties": { "A_Nom": "Le Petit Cernicolet", "B_Massif": "Jura", "C_Sous_ensemble": "Jura", "E_Departement": "25", "F_Commune": "Mouthe", "G_INSEE": "25413", "I_Coordonnees": "46.672849016806886;6.242544568246311", "J_Precision": "1", "K_Etat": "F", "L_Mesures": "N", "Lien_données": "", "Matériel": "", "Nature_sol": "", "TAF habité?": "", "T_Période de relevés": "", "Tnn": "", "Tnn (date)": "", "Tnn_Source données": "", "Altitude": 1245, "Profondeur": 5, "Superficie_ha": 4.0 }, "geometry": { "type": "Point", "coordinates": [ 6.242544568246311, 46.672849016806886, 0.0 ] } },
{ "type": "Feature", "properties": { "A_Nom": "Le Sapt", "B_Massif": "Massif Central", "C_Sous_ensemble": "Pilat", "E_Departement": "42", "F_Commune": "St Genest Malifaux", "G_INSEE": "42224", "I_Coordonnees": "45.331201;4.422498", "J_Precision": "2", "K_Etat": "O", "L_Mesures": "O", "Lien_données": "", "Matériel": "", "Nature_sol": "", "TAF habité?": "", "T_Période de relevés": "", "Tnn": "", "Tnn (date)": "", "Tnn_Source données": "", "Altitude": 920, "Profondeur": null, "Superficie_ha": null }, "geometry": { "type": "Point", "coordinates": [ 4.422498, 45.331201, 0.0 ] } },
{ "type": "Feature", "properties": { "A_Nom": "Les Anduits", "B_Massif": "Bassin Parisien", "C_Sous_ensemble": "", "E_Departement": "70", "F_Commune": "Malvillers", "G_INSEE": "70329", "I_Coordonnees": "47.7351639345974;5.811109526636795", "J_Precision": "1", "K_Etat": "F", "L_Mesures": "N", "Lien_données": "", "Matériel": "", "Nature_sol": "l3b\tLotharingien inférieur,  marnes schistoïdes", "TAF habité?": "non", "T_Période de relevés": "", "Tnn": "", "Tnn (date)": "", "Tnn_Source données": "", "Altitude": 250, "Profondeur": 15, "Superficie_ha": 12.9 }, "geometry": { "type": "Point", "coordinates": [ 5.811109526636795, 47.735163934597402, 0.0 ] } },
{ "type": "Feature", "properties": { "A_Nom": "Les Bez", "B_Massif": "Jura", "C_Sous_ensemble": "Jura", "E_Departement": "39", "F_Commune": "Grande-Rivière Château", "G_INSEE": "39258", "I_Coordonnees": "46.523648156610086;5.885394481484938", "J_Precision": "1", "K_Etat": "F", "L_Mesures": "O", "Lien_données": "", "Matériel": "", "Nature_sol": "", "TAF habité?": "", "T_Période de relevés": "", "Tnn": "", "Tnn (date)": "", "Tnn_Source données": "", "Altitude": 873, "Profondeur": 2, "Superficie_ha": 8.0 }, "geometry": { "type": "Point", "coordinates": [ 5.885394481484938, 46.523648156610086, 0.0 ] } },
{ "type": "Feature", "properties": { "A_Nom": "Les Biez", "B_Massif": "Jura", "C_Sous_ensemble": "Jura", "E_Departement": "25", "F_Commune": "Rondefontaine", "G_INSEE": "25501", "I_Coordonnees": "46.727353835558446;6.178697172828516", "J_Precision": "1", "K_Etat": "F", "L_Mesures": "N", "Lien_données": "", "Matériel": "", "Nature_sol": "", "TAF habité?": "non", "T_Période de relevés": "", "Tnn": "", "Tnn (date)": "", "Tnn_Source données": "", "Altitude": 987, "Profondeur": 15, "Superficie_ha": 15.9 }, "geometry": { "type": "Point", "coordinates": [ 6.178697172828516, 46.727353835558446, 0.0 ] } },
{ "type": "Feature", "properties": { "A_Nom": "Les Bruyères", "B_Massif": "Alpes", "C_Sous_ensemble": "Vercors", "E_Departement": "38", "F_Commune": "Lans-en-Vercors", "G_INSEE": "38205", "I_Coordonnees": "45.105953;5.565028", "J_Precision": "2", "K_Etat": "O", "L_Mesures": "O", "Lien_données": "", "Matériel": "", "Nature_sol": "", "TAF habité?": "oui", "T_Période de relevés": "", "Tnn": "-23.1", "Tnn (date)": "06/02/2012", "Tnn_Source données": "https://www.infoclimat.fr/observations-meteo/archives/6/fevrier/2012/lans-en-vercors-les-bruyeres/000T0.html", "Altitude": 986, "Profondeur": null, "Superficie_ha": null }, "geometry": { "type": "Point", "coordinates": [ 5.565028, 45.105953, 0.0 ] } },
{ "type": "Feature", "properties": { "A_Nom": "Les Champs Guyons", "B_Massif": "Jura", "C_Sous_ensemble": "Jura", "E_Departement": "25", "F_Commune": "La Chaux", "G_INSEE": "25139", "I_Coordonnees": "47.01550700859737;6.414367134871328", "J_Precision": "1", "K_Etat": "F", "L_Mesures": "N", "Lien_données": "", "Matériel": "", "Nature_sol": "", "TAF habité?": "", "T_Période de relevés": "", "Tnn": "", "Tnn (date)": "", "Tnn_Source données": "", "Altitude": 878, "Profondeur": 8, "Superficie_ha": 26.9 }, "geometry": { "type": "Point", "coordinates": [ 6.414367134871328, 47.015507008597368, 0.0 ] } },
{ "type": "Feature", "properties": { "A_Nom": "Les Champs Pichous", "B_Massif": "Massif Central", "C_Sous_ensemble": "", "E_Departement": "12", "F_Commune": "Martiel", "G_INSEE": "12140", "I_Coordonnees": "44.425763573559415;1.896187520275332", "J_Precision": "1", "K_Etat": "F", "L_Mesures": "N", "Lien_données": "", "Matériel": "", "Nature_sol": "", "TAF habité?": "", "T_Période de relevés": "", "Tnn": "", "Tnn (date)": "", "Tnn_Source données": "", "Altitude": 331, "Profondeur": 25, "Superficie_ha": 64.4 }, "geometry": { "type": "Point", "coordinates": [ 1.896187520275332, 44.425763573559415, 0.0 ] } },
{ "type": "Feature", "properties": { "A_Nom": "Les Chauvins", "B_Massif": "Jura", "C_Sous_ensemble": "Jura", "E_Departement": "39", "F_Commune": "Grande-Rivière Château", "G_INSEE": "39258", "I_Coordonnees": "46.54767565041427;5.917501755787856", "J_Precision": "1", "K_Etat": "F", "L_Mesures": "O", "Lien_données": "", "Matériel": "", "Nature_sol": "", "TAF habité?": "", "T_Période de relevés": "", "Tnn": "", "Tnn (date)": "", "Tnn_Source données": "", "Altitude": null, "Profondeur": null, "Superficie_ha": null }, "geometry": { "type": "Point", "coordinates": [ 5.917501755787856, 46.54767565041427, 0.0 ] } },
{ "type": "Feature", "properties": { "A_Nom": "Les Combes", "B_Massif": "Alpes", "C_Sous_ensemble": "Vercors", "E_Departement": "26", "F_Commune": "St-Laurent-en-Royans", "G_INSEE": "26311", "I_Coordonnees": "44.97845106920551;5.368872973788888", "J_Precision": "1", "K_Etat": "F", "L_Mesures": "N", "Lien_données": "", "Matériel": "", "Nature_sol": "", "TAF habité?": "", "T_Période de relevés": "", "Tnn": "", "Tnn (date)": "", "Tnn_Source données": "", "Altitude": 1040, "Profondeur": 48, "Superficie_ha": 40.3 }, "geometry": { "type": "Point", "coordinates": [ 5.368872973788888, 44.978451069205512, 0.0 ] } },
{ "type": "Feature", "properties": { "A_Nom": "Les Croses", "B_Massif": "Massif Central", "C_Sous_ensemble": "Causse de Sévérac", "E_Departement": "12", "F_Commune": "Saint-Saturnin-de-Lenne", "G_INSEE": "12247", "I_Coordonnees": "44.38995890482773;3.0183221877661", "J_Precision": "1", "K_Etat": "F", "L_Mesures": "N", "Lien_données": "", "Matériel": "", "Nature_sol": "", "TAF habité?": "", "T_Période de relevés": "", "Tnn": "", "Tnn (date)": "", "Tnn_Source données": "", "Altitude": 745, "Profondeur": 58, "Superficie_ha": 134.2 }, "geometry": { "type": "Point", "coordinates": [ 3.0183221877661, 44.389958904827729, 0.0 ] } },
{ "type": "Feature", "properties": { "A_Nom": "Les Mandrillons", "B_Massif": "Jura", "C_Sous_ensemble": "Jura", "E_Departement": "39", "F_Commune": "Bellefontaine", "G_INSEE": "39047", "I_Coordonnees": "46.563951;6.079509", "J_Precision": "2", "K_Etat": "O", "L_Mesures": "O", "Lien_données": "", "Matériel": "", "Nature_sol": "", "TAF habité?": "", "T_Période de relevés": "", "Tnn": "", "Tnn (date)": "", "Tnn_Source données": "", "Altitude": 1080, "Profondeur": null, "Superficie_ha": null }, "geometry": { "type": "Point", "coordinates": [ 6.079509, 46.563951, 0.0 ] } },
{ "type": "Feature", "properties": { "A_Nom": "Les Marais", "B_Massif": "Jura", "C_Sous_ensemble": "Jura", "E_Departement": "39", "F_Commune": "Andelot-en-Montagne", "G_INSEE": "39009", "I_Coordonnees": "46.841157;5.923639", "J_Precision": "2", "K_Etat": "O", "L_Mesures": "O", "Lien_données": "", "Matériel": "", "Nature_sol": "", "TAF habité?": "", "T_Période de relevés": "", "Tnn": "", "Tnn (date)": "", "Tnn_Source données": "https://www.infoclimat.fr/climatologie/globale/andelot-en-montagne/STATIC0452.html", "Altitude": 600, "Profondeur": null, "Superficie_ha": null }, "geometry": { "type": "Point", "coordinates": [ 5.923639, 46.841157, 0.0 ] } },
{ "type": "Feature", "properties": { "A_Nom": "Les Mazes", "B_Massif": "Massif Central", "C_Sous_ensemble": "Causse Noir", "E_Departement": "30", "F_Commune": "Lanuéjols", "G_INSEE": "30139", "I_Coordonnees": "44.15630095754838;3.364163820422963", "J_Precision": "1", "K_Etat": "F", "L_Mesures": "N", "Lien_données": "", "Matériel": "", "Nature_sol": "", "TAF habité?": "", "T_Période de relevés": "", "Tnn": "", "Tnn (date)": "", "Tnn_Source données": "", "Altitude": 914, "Profondeur": 22, "Superficie_ha": 64.9 }, "geometry": { "type": "Point", "coordinates": [ 3.364163820422963, 44.156300957548382, 0.0 ] } },
{ "type": "Feature", "properties": { "A_Nom": "Les Mortes (lac)", "B_Massif": "Jura", "C_Sous_ensemble": "Jura", "E_Departement": "25", "F_Commune": "Chapelle-des-Bois", "G_INSEE": "25121", "I_Coordonnees": "46.58228927067069;6.088061485056144", "J_Precision": "1", "K_Etat": "F", "L_Mesures": "O", "Lien_données": "", "Matériel": "", "Nature_sol": "", "TAF habité?": "", "T_Période de relevés": "", "Tnn": "", "Tnn (date)": "", "Tnn_Source données": "", "Altitude": 1080, "Profondeur": 21, "Superficie_ha": 144.8 }, "geometry": { "type": "Point", "coordinates": [ 6.088061485056144, 46.582289270670692, 0.0 ] } },
{ "type": "Feature", "properties": { "A_Nom": "Les Narces", "B_Massif": "Massif Central", "C_Sous_ensemble": "Monts du Vivarais", "E_Departement": "07", "F_Commune": "Sagnes-et-Goudoulet", "G_INSEE": "07203", "I_Coordonnees": "44.789839;4.21603", "J_Precision": "2", "K_Etat": "O", "L_Mesures": "N", "Lien_données": "", "Matériel": "", "Nature_sol": "", "TAF habité?": "", "T_Période de relevés": "", "Tnn": "", "Tnn (date)": "", "Tnn_Source données": "", "Altitude": 1230, "Profondeur": null, "Superficie_ha": null }, "geometry": { "type": "Point", "coordinates": [ 4.21603, 44.789839, 0.0 ] } },
{ "type": "Feature", "properties": { "A_Nom": "Les Plans de Vitiau", "B_Massif": "Jura", "C_Sous_ensemble": "Jura", "E_Departement": "25", "F_Commune": "Les Fourgs", "G_INSEE": "25254", "I_Coordonnees": "46.85306710535998;6.442900686002136", "J_Precision": "1", "K_Etat": "F", "L_Mesures": "N", "Lien_données": "", "Matériel": "", "Nature_sol": "", "TAF habité?": "", "T_Période de relevés": "", "Tnn": "", "Tnn (date)": "", "Tnn_Source données": "", "Altitude": 1103, "Profondeur": 18, "Superficie_ha": 35.2 }, "geometry": { "type": "Point", "coordinates": [ 6.442900686002136, 46.853067105359983, 0.0 ] } },
{ "type": "Feature", "properties": { "A_Nom": "Les Pontets", "B_Massif": "Jura", "C_Sous_ensemble": "Jura", "E_Departement": "25", "F_Commune": "Les Pontets", "G_INSEE": "25464", "I_Coordonnees": "46.71634402738018;6.172922954245188", "J_Precision": "1", "K_Etat": "F", "L_Mesures": "O", "Lien_données": "https://www.infoclimat.fr/observations-meteo/temps-reel/les-pontets/000ZE.html", "Matériel": "", "Nature_sol": "", "TAF habité?": "oui", "T_Période de relevés": "19/11/2021 - en cours", "Tnn": "-26,9", "Tnn (date)": "20/01/2023", "Tnn_Source données": "https://www.infoclimat.fr/climatologie/normales-records/1991-2020/les-pontets/valeurs/000ZE.html", "Altitude": 1000, "Profondeur": 3, "Superficie_ha": 10.6 }, "geometry": { "type": "Point", "coordinates": [ 6.172922954245188, 46.716344027380181, 0.0 ] } },
{ "type": "Feature", "properties": { "A_Nom": "Les Ponts-de-Martel", "B_Massif": "Jura", "C_Sous_ensemble": "Jura Bernois", "E_Departement": "", "F_Commune": "Les Ponts-de-Martel", "G_INSEE": "Suisse", "I_Coordonnees": "46.98898;6.73659", "J_Precision": "2", "K_Etat": "F", "L_Mesures": "O", "Lien_données": "", "Matériel": "", "Nature_sol": "", "TAF habité?": "", "T_Période de relevés": "", "Tnn": "-41", "Tnn (date)": "12/01/1987", "Tnn_Source données": "https://kaltluftseen.ch/2017/01/12/heute-vor-30-jahren-41-8-c-in-la-brevine/", "Altitude": 992, "Profondeur": null, "Superficie_ha": null }, "geometry": { "type": "Point", "coordinates": [ 6.73659, 46.98898, 0.0 ] } },
{ "type": "Feature", "properties": { "A_Nom": "Les Prés de Valfin", "B_Massif": "Jura", "C_Sous_ensemble": "Jura", "E_Departement": "39", "F_Commune": "Saint-Claude", "G_INSEE": "39478", "I_Coordonnees": "46.455605416087586;5.84913625551161", "J_Precision": "1", "K_Etat": "F", "L_Mesures": "O", "Lien_données": "", "Matériel": "", "Nature_sol": "j6-5\tRauracien-Argovien - Marno-calcaires; j7\tSéquanien - Calcaires graveleux", "TAF habité?": "non", "T_Période de relevés": "08/2023 - 08/2024", "Tnn": "-21,3", "Tnn (date)": "16/01/2024", "Tnn_Source données": "https://www.infoclimat.fr/observations-meteo/archives/16/janvier/2024/saint-claude/STATIC0192.html", "Altitude": null, "Profondeur": null, "Superficie_ha": null }, "geometry": { "type": "Point", "coordinates": [ 5.84913625551161, 46.455605416087586, 0.0 ] } },
{ "type": "Feature", "properties": { "A_Nom": "Les Seignes", "B_Massif": "Jura", "C_Sous_ensemble": "Jura", "E_Departement": "25", "F_Commune": "Gilley", "G_INSEE": "25271", "I_Coordonnees": "47.063058;6.50277", "J_Precision": "3", "K_Etat": "O", "L_Mesures": "N", "Lien_données": "", "Matériel": "", "Nature_sol": "", "TAF habité?": "", "T_Période de relevés": "", "Tnn": "", "Tnn (date)": "", "Tnn_Source données": "", "Altitude": 860, "Profondeur": null, "Superficie_ha": null }, "geometry": { "type": "Point", "coordinates": [ 6.50277, 47.063058, 0.0 ] } },
{ "type": "Feature", "properties": { "A_Nom": "Les Tillettes", "B_Massif": "Jura", "C_Sous_ensemble": "Jura", "E_Departement": "25", "F_Commune": "Bannans", "G_INSEE": "25041", "I_Coordonnees": "46.892614403995104;6.251463660216282", "J_Precision": "1", "K_Etat": "F", "L_Mesures": "?", "Lien_données": "", "Matériel": "", "Nature_sol": "", "TAF habité?": "", "T_Période de relevés": "", "Tnn": "", "Tnn (date)": "", "Tnn_Source données": "", "Altitude": 806, "Profondeur": 7, "Superficie_ha": 102.0 }, "geometry": { "type": "Point", "coordinates": [ 6.251463660216282, 46.892614403995104, 0.0 ] } },
{ "type": "Feature", "properties": { "A_Nom": "Les Vernhettes", "B_Massif": "Massif Central", "C_Sous_ensemble": "", "E_Departement": "12", "F_Commune": "Golinhac", "G_INSEE": "12110", "I_Coordonnees": "44.592891;2.563077", "J_Precision": "1", "K_Etat": "O", "L_Mesures": "?", "Lien_données": "", "Matériel": "", "Nature_sol": "", "TAF habité?": "", "T_Période de relevés": "", "Tnn": "", "Tnn (date)": "", "Tnn_Source données": "", "Altitude": 605, "Profondeur": null, "Superficie_ha": null }, "geometry": { "type": "Point", "coordinates": [ 2.563077, 44.592891, 0.0 ] } },
{ "type": "Feature", "properties": { "A_Nom": "Lieschbach", "B_Massif": "Vosges", "C_Sous_ensemble": "", "E_Departement": "57", "F_Commune": "Philippsbourg", "G_INSEE": "57541", "I_Coordonnees": "49.013136;7.566679", "J_Precision": "1", "K_Etat": "O", "L_Mesures": "?", "Lien_données": "", "Matériel": "", "Nature_sol": "", "TAF habité?": "", "T_Période de relevés": "", "Tnn": "", "Tnn (date)": "", "Tnn_Source données": "", "Altitude": 243, "Profondeur": null, "Superficie_ha": null }, "geometry": { "type": "Point", "coordinates": [ 7.566679, 49.013136, 0.0 ] } },
{ "type": "Feature", "properties": { "A_Nom": "Liézey-Le Beillard", "B_Massif": "Vosges", "C_Sous_ensemble": "", "E_Departement": "88", "F_Commune": "Liézey", "G_INSEE": "88269", "I_Coordonnees": "48.084844;6.780955", "J_Precision": "2", "K_Etat": "O", "L_Mesures": "O", "Lien_données": "https://www.infoclimat.fr/observations-meteo/temps-reel/liezey-beillard/000XG.html", "Matériel": "VP2 Davis", "Nature_sol": "", "TAF habité?": "oui", "T_Période de relevés": "17/07/2021 - en cours", "Tnn": "-19,9", "Tnn (date)": "05/01/2026", "Tnn_Source données": "https://www.infoclimat.fr/climatologie/normales-records/1991-2020/liezey-beillard/valeurs/000XG.html", "Altitude": 585, "Profondeur": null, "Superficie_ha": null }, "geometry": { "type": "Point", "coordinates": [ 6.780955, 48.084844, 0.0 ] } },
{ "type": "Feature", "properties": { "A_Nom": "Livadha - Lefka Ori", "B_Massif": "Crète", "C_Sous_ensemble": "Lefká Óri", "E_Departement": "", "F_Commune": "Sfakia", "G_INSEE": "", "I_Coordonnees": "35.335941;24.043086", "J_Precision": "1", "K_Etat": "F", "L_Mesures": "O", "Lien_données": "", "Matériel": "Elitech Tlog 100EH & Eliwell DLT1 - Abri Davis 7714", "Nature_sol": "Calcaire, granite & dolomie", "TAF habité?": "non", "T_Période de relevés": "09/2022 - 06/2023", "Tnn": "-29,5", "Tnn (date)": "19/02/2023", "Tnn_Source données": "https://fr.scribd.com/document/668487564/Livada-Monitoring-Report-2022-23", "Altitude": 1735, "Profondeur": 100, "Superficie_ha": 135.0, "Photo": "livadha","Photo_source": "Bruno Renon - Regional Environment Agency of Veneto Region, Italy - 09/2022-06/2023" }, "geometry": { "type": "Point", "coordinates": [ 24.043086, 35.335941, 0.0 ] } },
{ "type": "Feature", "properties": { "A_Nom": "Malagazagne", "B_Massif": "Massif Central", "C_Sous_ensemble": "Aubrac", "E_Departement": "48", "F_Commune": "St Chély d'Apcher", "G_INSEE": "48140", "I_Coordonnees": "44.800921;3.243313", "J_Precision": "2", "K_Etat": "O", "L_Mesures": "?", "Lien_données": "", "Matériel": "", "Nature_sol": "", "TAF habité?": "", "T_Période de relevés": "", "Tnn": "", "Tnn (date)": "", "Tnn_Source données": "", "Altitude": 1025, "Profondeur": null, "Superficie_ha": null }, "geometry": { "type": "Point", "coordinates": [ 3.243313, 44.800921, 0.0 ] } },
{ "type": "Feature", "properties": { "A_Nom": "Malbouzon - La Rimeize", "B_Massif": "Massif Central", "C_Sous_ensemble": "Aubrac", "E_Departement": "48", "F_Commune": "Prinsuéjols-Malbouzon", "G_INSEE": "48087", "I_Coordonnees": "44.708507;3.172758", "J_Precision": "2", "K_Etat": "O", "L_Mesures": "?", "Lien_données": "", "Matériel": "", "Nature_sol": "", "TAF habité?": "", "T_Période de relevés": "", "Tnn": "", "Tnn (date)": "", "Tnn_Source données": "", "Altitude": 1151, "Profondeur": null, "Superficie_ha": null }, "geometry": { "type": "Point", "coordinates": [ 3.172758, 44.708507, 0.0 ] } },
{ "type": "Feature", "properties": { "A_Nom": "Marais de Raux", "B_Massif": "Alpes", "C_Sous_ensemble": "Bochaine", "E_Departement": "05", "F_Commune": "Châteauneuf-d'Ozé", "G_INSEE": "05035", "I_Coordonnees": "44.502616;5.934198", "J_Precision": "1", "K_Etat": "O", "L_Mesures": "O", "Lien_données": "", "Matériel": "", "Nature_sol": "", "TAF habité?": "non", "T_Période de relevés": "08/2020 - 04/2021", "Tnn": "-22,3", "Tnn (date)": "08/01/2021", "Tnn_Source données": "https://www.romma.fr/station_clim_an.php?year=2021&id=719", "Altitude": 1764, "Profondeur": null, "Superficie_ha": 6.0 }, "geometry": { "type": "Point", "coordinates": [ 5.934198, 44.502616, 0.0 ] } },
{ "type": "Feature", "properties": { "A_Nom": "Marais du Grand Hazé", "B_Massif": "Armoricain", "C_Sous_ensemble": "Normandie", "E_Departement": "61", "F_Commune": "Briouze", "G_INSEE": "61063", "I_Coordonnees": "48.698035;-0.377733", "J_Precision": "2", "K_Etat": "F", "L_Mesures": "?", "Lien_données": "", "Matériel": "", "Nature_sol": "", "TAF habité?": "", "T_Période de relevés": "", "Tnn": "", "Tnn (date)": "", "Tnn_Source données": "", "Altitude": 200, "Profondeur": null, "Superficie_ha": null }, "geometry": { "type": "Point", "coordinates": [ -0.377733, 48.698035, 0.0 ] } },
{ "type": "Feature", "properties": { "A_Nom": "Mas-Saint-Chély", "B_Massif": "Massif Central", "C_Sous_ensemble": "Causse Méjean", "E_Departement": "48", "F_Commune": "Mas-Saint-Chély", "G_INSEE": "48141", "I_Coordonnees": "44.31144709957341;3.397222482307003", "J_Precision": "1", "K_Etat": "F", "L_Mesures": "O", "Lien_données": "https://www.infoclimat.fr/climatologie/annee/2025/mas-saint-chely-causse-mejean/valeurs/000VE.html", "Matériel": "Talkpool OY1110", "Nature_sol": "", "TAF habité?": "non", "T_Période de relevés": "01/03/2021 - en cours", "Tnn": "-18,1", "Tnn (date)": "09/02/2024", "Tnn_Source données": "https://www.infoclimat.fr/observations-meteo/archives/9/fevrier/2025/mas-saint-chely-causse-mejean/000VE.html", "Altitude": 956, "Profondeur": 5, "Superficie_ha": 13.2 }, "geometry": { "type": "Point", "coordinates": [ 3.397222482307003, 44.311447099573407, 0.0 ] } },
{ "type": "Feature", "properties": { "A_Nom": "Méaudre ville", "B_Massif": "Alpes", "C_Sous_ensemble": "Vercors", "E_Departement": "38", "F_Commune": "Autrans-Méaudre-en-Vercors", "G_INSEE": "38225", "I_Coordonnees": "45.130553;5.529901", "J_Precision": "2", "K_Etat": "O", "L_Mesures": "O", "Lien_données": "", "Matériel": "", "Nature_sol": "", "TAF habité?": "", "T_Période de relevés": "", "Tnn": "", "Tnn (date)": "", "Tnn_Source données": "", "Altitude": 974, "Profondeur": null, "Superficie_ha": null }, "geometry": { "type": "Point", "coordinates": [ 5.529901, 45.130553, 0.0 ] } },
{ "type": "Feature", "properties": { "A_Nom": "Mohos-töbör", "B_Massif": "Carpates", "C_Sous_ensemble": "Mont Bükk", "E_Departement": "", "F_Commune": "Szilvásvárad", "G_INSEE": "", "I_Coordonnees": "48.065501;20.462986", "J_Precision": "1", "K_Etat": "F", "L_Mesures": "O", "Lien_données": "https://www.facebook.com/p/Mohos-t%C3%B6b%C3%B6r-mikrokl%C3%ADma-kutat%C3%A1s-ME-F%C3%B6ldrajz-Geoinformatika-Int%C3%A9zet-61551481792695/", "Matériel": "", "Nature_sol": "Calcaires", "TAF habité?": "non", "T_Période de relevés": "2022 - en cours", "Tnn": "-32,7", "Tnn (date)": "01/2026", "Tnn_Source données": "Dobos András", "Altitude": 822, "Profondeur": 40, "Superficie_ha": 13.0 }, "geometry": { "type": "Point", "coordinates": [ 20.462986, 48.065501, 0.0 ] } },
{ "type": "Feature", "properties": { "A_Nom": "Montagne de Bange/Mariet dessous", "B_Massif": "Alpes", "C_Sous_ensemble": "Bauges", "E_Departement": "73", "F_Commune": "Arith", "G_INSEE": "73020", "I_Coordonnees": "45.73339246755956;6.059218768068739", "J_Precision": "1", "K_Etat": "F", "L_Mesures": "N", "Lien_données": "", "Matériel": "", "Nature_sol": "", "TAF habité?": "", "T_Période de relevés": "", "Tnn": "", "Tnn (date)": "", "Tnn_Source données": "", "Altitude": 976, "Profondeur": 26, "Superficie_ha": 53.7 }, "geometry": { "type": "Point", "coordinates": [ 6.059218768068739, 45.733392467559561, 0.0 ] } },
{ "type": "Feature", "properties": { "A_Nom": "Mouille de Vraconnaz", "B_Massif": "Jura", "C_Sous_ensemble": "Jura Bernois", "E_Departement": "", "F_Commune": "Sainte-Croix", "G_INSEE": "Suisse", "I_Coordonnees": "46.841632;6.466042", "J_Precision": "2", "K_Etat": "F", "L_Mesures": "N", "Lien_données": "", "Matériel": "", "Nature_sol": "", "TAF habité?": "", "T_Période de relevés": "", "Tnn": "", "Tnn (date)": "", "Tnn_Source données": "", "Altitude": 1094, "Profondeur": null, "Superficie_ha": null }, "geometry": { "type": "Point", "coordinates": [ 6.466042, 46.841632, 0.0 ] } },
{ "type": "Feature", "properties": { "A_Nom": "Moulin Chaussin/Margian Chaussin/Combe Dijon (ex- Château-des-Prés)", "B_Massif": "Jura", "C_Sous_ensemble": "Jura", "E_Departement": "39", "F_Commune": "Nanchez", "G_INSEE": "39130", "I_Coordonnees": "46.49924323703262;5.867133556536751", "J_Precision": "1", "K_Etat": "F", "L_Mesures": "O", "Lien_données": "", "Matériel": "", "Nature_sol": "", "TAF habité?": "", "T_Période de relevés": "", "Tnn": "", "Tnn (date)": "", "Tnn_Source données": "", "Altitude": null, "Profondeur": null, "Superficie_ha": null }, "geometry": { "type": "Point", "coordinates": [ 5.867133556536751, 46.499243237032623, 0.0 ] } },
{ "type": "Feature", "properties": { "A_Nom": "Mourmelon-le-Grand", "B_Massif": "Bassin Parisien", "C_Sous_ensemble": "Champagne Sèche", "E_Departement": "51", "F_Commune": "Livry-Louvercy", "G_INSEE": "51326", "I_Coordonnees": "49.10742;4.358441", "J_Precision": "1", "K_Etat": "O", "L_Mesures": "O", "Lien_données": "https://www.infoclimat.fr/climatologie/annee/2025/mourmelon-grand/valeurs/MF51388003.html", "Matériel": "MF", "Nature_sol": "Craie de Châlons à Micraster Coranguinum (C4Ci)", "TAF habité?": "oui", "T_Période de relevés": "01/04/2004", "Tnn": "-19,7", "Tnn (date)": "07/02/2012", "Tnn_Source données": "", "Altitude": 116, "Profondeur": 0, "Superficie_ha": 400.0 }, "geometry": { "type": "Point", "coordinates": [ 4.358441, 49.10742, 0.0 ] } },
{ "type": "Feature", "properties": { "A_Nom": "Mouthe village", "B_Massif": "Jura", "C_Sous_ensemble": "Jura", "E_Departement": "25", "F_Commune": "Mouthe", "G_INSEE": "25534", "I_Coordonnees": "46.705419;6.191589", "J_Precision": "1", "K_Etat": "O", "L_Mesures": "O", "Lien_données": "", "Matériel": "", "Nature_sol": "", "TAF habité?": "oui", "T_Période de relevés": "01/06/1880 - en cours", "Tnn": "-36,7", "Tnn (date)": "13/01/1968", "Tnn_Source données": "https://www.infoclimat.fr/climatologie/globale/mouthe/MF25413001.html", "Altitude": 934, "Profondeur": 0, "Superficie_ha": null }, "geometry": { "type": "Point", "coordinates": [ 6.191589, 46.705419, 0.0 ] } },
{ "type": "Feature", "properties": { "A_Nom": "Mrzla Komna", "B_Massif": "Alpes", "C_Sous_ensemble": "Julian Alps", "E_Departement": "", "F_Commune": "Ukanc", "G_INSEE": "", "I_Coordonnees": "46.297589;13.752265", "J_Precision": "2", "K_Etat": "F", "L_Mesures": "O", "Lien_données": "https://www.hobolink.com/p/48484c7a9d4f47b4830fba3467adb0ff", "Matériel": "Hobo", "Nature_sol": "Calcaires", "TAF habité?": "non", "T_Période de relevés": "", "Tnn": "-49.1", "Tnn (date)": "09/01/2009", "Tnn_Source données": "", "Altitude": 1594, "Profondeur": 30, "Superficie_ha": null }, "geometry": { "type": "Point", "coordinates": [ 13.752265, 46.297589, 0.0 ] } },
{ "type": "Feature", "properties": { "A_Nom": "Murringen", "B_Massif": "Ardenne", "C_Sous_ensemble": "", "E_Departement": "", "F_Commune": "Bullingen/Bulange", "G_INSEE": "Belgique", "I_Coordonnees": "50.407771;6.329650", "J_Precision": "2", "K_Etat": "O", "L_Mesures": "O", "Lien_données": "", "Matériel": "", "Nature_sol": "", "TAF habité?": "", "T_Période de relevés": "", "Tnn": "-20,1", "Tnn (date)": "20/01/2024", "Tnn_Source données": "https://www.bmcb.be/coldspots/", "Altitude": 604, "Profondeur": 0, "Superficie_ha": null }, "geometry": { "type": "Point", "coordinates": [ 6.32996, 50.407731, 0.0 ] } },
{ "type": "Feature", "properties": { "A_Nom": "Musella", "B_Massif": "Corse", "C_Sous_ensemble": "Causse de Bonifacio", "E_Departement": "2A", "F_Commune": "Bonifacio", "G_INSEE": "2A041", "I_Coordonnees": "41.40286100207546;9.19352510164305", "J_Precision": "1", "K_Etat": "F", "L_Mesures": "N", "Lien_données": "", "Matériel": "", "Nature_sol": "m2-3B - Formation de Bonifacio, calcarénites et sables fins consolidés du Miocène", "TAF habité?": "oui", "T_Période de relevés": "", "Tnn": "", "Tnn (date)": "", "Tnn_Source données": "", "Altitude": 53, "Profondeur": 11, "Superficie_ha": 31.4 }, "geometry": { "type": "Point", "coordinates": [ 9.193525101643051, 41.402861002075461, 0.0 ] } },
{ "type": "Feature", "properties": { "A_Nom": "Nava del Polvo", "B_Massif": "Cordillera Prebética", "C_Sous_ensemble": "Sierra de Castril", "E_Departement": "", "F_Commune": "Cazorla", "G_INSEE": "", "I_Coordonnees": "37.890093;-2.820139", "J_Precision": "1", "K_Etat": "F", "L_Mesures": "O", "Lien_données": "https://frostsureste.wordpress.com/nava-del-polvo/", "Matériel": "", "Nature_sol": "", "TAF habité?": "non", "T_Période de relevés": "", "Tnn": "-23,4", "Tnn (date)": "13/12/2017", "Tnn_Source données": "", "Altitude": 1836, "Profondeur": 35, "Superficie_ha": 19.7 }, "geometry": { "type": "Point", "coordinates": [ -2.820139, 37.890093, 0.0 ] } },
{ "type": "Feature", "properties": { "A_Nom": "NE de Gallo", "B_Massif": "Corse", "C_Sous_ensemble": "Causse de Bonifacio", "E_Departement": "2A", "F_Commune": "Bonifacio", "G_INSEE": "2A041", "I_Coordonnees": "41.38742503882214;9.206454718358327", "J_Precision": "1", "K_Etat": "F", "L_Mesures": "N", "Lien_données": "", "Matériel": "", "Nature_sol": "", "TAF habité?": "non", "T_Période de relevés": "", "Tnn": "", "Tnn (date)": "", "Tnn_Source données": "", "Altitude": 51, "Profondeur": 2, "Superficie_ha": 9.1 }, "geometry": { "type": "Point", "coordinates": [ 9.206454718358327, 41.387425038822137, 0.0 ] } },
{ "type": "Feature", "properties": { "A_Nom": "Névache", "B_Massif": "Alpes", "C_Sous_ensemble": "Cerces", "E_Departement": "05", "F_Commune": "Névache", "G_INSEE": "05093", "I_Coordonnees": "45.017412;6.61974", "J_Precision": "2", "K_Etat": "O", "L_Mesures": "O", "Lien_données": "", "Matériel": "", "Nature_sol": "", "TAF habité?": "oui", "T_Période de relevés": "01/01/1928 - en cours", "Tnn": "-27,3", "Tnn (date)": "15/02/1966", "Tnn_Source données": "https://www.infoclimat.fr/climatologie/normales-records/1991-2020/nevache/valeurs/MF05093001.html", "Altitude": 1588, "Profondeur": null, "Superficie_ha": null }, "geometry": { "type": "Point", "coordinates": [ 6.61974, 45.017412, 0.0 ] } },
{ "type": "Feature", "properties": { "A_Nom": "Nid de la Poule - Puy de Dôme", "B_Massif": "Massif Central", "C_Sous_ensemble": "Monts Dôme", "E_Departement": "63", "F_Commune": "Orcines", "G_INSEE": "63263", "I_Coordonnees": "45.77960048070938;2.965014180015948", "J_Precision": "1", "K_Etat": "F", "L_Mesures": "N", "Lien_données": "", "Matériel": "", "Nature_sol": "", "TAF habité?": "", "T_Période de relevés": "", "Tnn": "", "Tnn (date)": "", "Tnn_Source données": "", "Altitude": 1174, "Profondeur": 18, "Superficie_ha": 0.9 }, "geometry": { "type": "Point", "coordinates": [ 2.965014180015948, 45.779600480709377, 0.0 ] } },
{ "type": "Feature", "properties": { "A_Nom": "Nova Vas", "B_Massif": "", "C_Sous_ensemble": "", "E_Departement": "", "F_Commune": "Bloke - Nova Vas", "G_INSEE": "", "I_Coordonnees": "45.768827;14.508766", "J_Precision": "1", "K_Etat": "F", "L_Mesures": "O", "Lien_données": "", "Matériel": "", "Nature_sol": "", "TAF habité?": "oui", "T_Période de relevés": "10/12/2005 - en cours", "Tnn": "-41", "Tnn (date)": "09/01/2009", "Tnn_Source données": "https://www.severe-weather.eu/europe-weather/extreme-cold-slovenia-damaging-frost-europe-mk/", "Altitude": 718, "Profondeur": null, "Superficie_ha": 650.0 }, "geometry": { "type": "Point", "coordinates": [ 14.508766, 45.768827, 0.0 ] } },
{ "type": "Feature", "properties": { "A_Nom": "Obersteinbach", "B_Massif": "Vosges", "C_Sous_ensemble": "", "E_Departement": "67", "F_Commune": "Obersteinbach", "G_INSEE": "67353", "I_Coordonnees": "49.03481;7.689662", "J_Precision": "1", "K_Etat": "O", "L_Mesures": "O", "Lien_données": "https://www.infoclimat.fr/observations-meteo/temps-reel/obersteinbach/000OA.html", "Matériel": "Davis VP2", "Nature_sol": "t1a\tGrès d'Annweiler : grès rouge, fin et silts argileux rouges et blanc", "TAF habité?": "oui", "T_Période de relevés": "10/08/2018 - en cours", "Tnn": "-16,3", "Tnn (date)": "11/02/2021", "Tnn_Source données": "https://www.infoclimat.fr/observations-meteo/archives/11/fevrier/2021/obersteinbach/000OA.html", "Altitude": 240, "Profondeur": 0, "Superficie_ha": 6.0 }, "geometry": { "type": "Point", "coordinates": [ 7.689662, 49.03481, 0.0 ] } },
{ "type": "Feature", "properties": { "A_Nom": "Ouvala de la Perrause", "B_Massif": "Jura", "C_Sous_ensemble": "Jura Vaudois", "E_Departement": "", "F_Commune": "Le Chenit", "G_INSEE": "Suisse", "I_Coordonnees": "46.57126;6.253217", "J_Precision": "1", "K_Etat": "F", "L_Mesures": "O", "Lien_données": "", "Matériel": "", "Nature_sol": "", "TAF habité?": "non", "T_Période de relevés": "", "Tnn": "-36,2", "Tnn (date)": "20/12/2009", "Tnn_Source données": "https://kaltluftseen.ch/daten-von-kaltluftseen/combe-des-amburnex/", "Altitude": 1318, "Profondeur": 12, "Superficie_ha": 100.0 }, "geometry": { "type": "Point", "coordinates": [ 6.253217, 46.57126, 0.0 ] } },
{ "type": "Feature", "properties": { "A_Nom": "Ouvala de la Plateforme", "B_Massif": "Jura", "C_Sous_ensemble": "Jura Vaudois", "E_Departement": "", "F_Commune": "Le Chenit", "G_INSEE": "Suisse", "I_Coordonnees": "46.568934;6.243396", "J_Precision": "1", "K_Etat": "F", "L_Mesures": "O", "Lien_données": "", "Matériel": "", "Nature_sol": "", "TAF habité?": "non", "T_Période de relevés": "", "Tnn": "-35,9", "Tnn (date)": "01/02/2010", "Tnn_Source données": "https://kaltluftseen.ch/daten-von-kaltluftseen/combe-des-amburnex/", "Altitude": 1319, "Profondeur": 11, "Superficie_ha": 100.0 }, "geometry": { "type": "Point", "coordinates": [ 6.243396, 46.568934, 0.0 ] } },
{ "type": "Feature", "properties": { "A_Nom": "Pelouse des Serpents", "B_Massif": "Alpes", "C_Sous_ensemble": "Vercors", "E_Departement": "26", "F_Commune": "Bouvante", "G_INSEE": "26059", "I_Coordonnees": "44.91051833663821;5.340899670990974", "J_Precision": "1", "K_Etat": "F", "L_Mesures": "N", "Lien_données": "", "Matériel": "", "Nature_sol": "calcaires massifs blancs de la masse supérieure de l'Urgonien [n5U]", "TAF habité?": "non", "T_Période de relevés": "", "Tnn": "", "Tnn (date)": "", "Tnn_Source données": "", "Altitude": 1400, "Profondeur": 25, "Superficie_ha": 13.4 }, "geometry": { "type": "Point", "coordinates": [ 5.340899670990974, 44.910518336638212, 0.0 ] } },
{ "type": "Feature", "properties": { "A_Nom": "Peter Sinks", "B_Massif": "Utah", "C_Sous_ensemble": "Bear River Mountains", "E_Departement": "", "F_Commune": "", "G_INSEE": "", "I_Coordonnees": "41.912794;-111.518623", "J_Precision": "1", "K_Etat": "F", "L_Mesures": "O", "Lien_données": "https://climate.usu.edu/PeterSinks/", "Matériel": "Apogee Model ST-110", "Nature_sol": "Calcaires et Dolomites", "TAF habité?": "non", "T_Période de relevés": "Since winter 1984", "Tnn": "-56.3", "Tnn (date)": "01/02/1985", "Tnn_Source données": "https://climate.usu.edu/PeterSinks/", "Altitude": 2474, "Profondeur": 61, "Superficie_ha": 170.0 }, "geometry": { "type": "Point", "coordinates": [ -111.518623, 41.912794, 0.0 ] } },
{ "type": "Feature", "properties": { "A_Nom": "Pian'delle Fosse - Est", "B_Massif": "Corse", "C_Sous_ensemble": "Causse de Bonifacio", "E_Departement": "2A", "F_Commune": "", "G_INSEE": "", "I_Coordonnees": "41.39717959193167;9.207642484972945", "J_Precision": "1", "K_Etat": "F", "L_Mesures": "N", "Lien_données": "", "Matériel": "", "Nature_sol": "", "TAF habité?": "non", "T_Période de relevés": "", "Tnn": "", "Tnn (date)": "", "Tnn_Source données": "", "Altitude": 55, "Profondeur": 4, "Superficie_ha": 18.2 }, "geometry": { "type": "Point", "coordinates": [ 9.207642484972945, 41.397179591931668, 0.0 ] } },
{ "type": "Feature", "properties": { "A_Nom": "Piani del Pollino", "B_Massif": "Apennins", "C_Sous_ensemble": "Massif du Pollino", "E_Departement": "", "F_Commune": "Terranova di Pollino", "G_INSEE": "", "I_Coordonnees": "39.908798;16.207173", "J_Precision": "1", "K_Etat": "F", "L_Mesures": "O", "Lien_données": "https://www.meteoweb.eu/2011/10/una-stazione-meteorologica-nel-cuore-del-pollino/93461/", "Matériel": "", "Nature_sol": "Calcaires", "TAF habité?": "non", "T_Période de relevés": "2011 - 2015", "Tnn": "-30,8", "Tnn (date)": "20/02/2013", "Tnn_Source données": "Renato Sansone", "Altitude": 1777, "Profondeur": 15, "Superficie_ha": 57.0 }, "geometry": { "type": "Point", "coordinates": [ 16.207173, 39.908798, 0.0 ] } },
{ "type": "Feature", "properties": { "A_Nom": "Piani di Pezza", "B_Massif": "Apennins", "C_Sous_ensemble": "Catena del Velino-Sirente", "E_Departement": "", "F_Commune": "Rocca di Mezzo", "G_INSEE": "", "I_Coordonnees": "42.180569;13.469625", "J_Precision": "2", "K_Etat": "F", "L_Mesures": "O", "Lien_données": "https://www.caputfrigoris.it/rete-meteo/pezza.htm", "Matériel": "Davis VP2", "Nature_sol": "Calcaire", "TAF habité?": "non", "T_Période de relevés": "10/09/2011 - en cours", "Tnn": "-37,4", "Tnn (date)": "15/02/2012", "Tnn_Source données": "https://www.caputfrigoris.it/rete-meteo/pezza/descrizione.htm", "Altitude": 1450, "Profondeur": 45, "Superficie_ha": 420.0 }, "geometry": { "type": "Point", "coordinates": [ 13.469625, 42.180569, 0.0 ] } },
{ "type": "Feature", "properties": { "A_Nom": "Pionchenu", "B_Massif": "Alpes", "C_Sous_ensemble": "Vercors", "E_Departement": "26", "F_Commune": "Saint-Agnan-en-Vercors", "G_INSEE": "26290", "I_Coordonnees": "44.914666798017876;5.477934327772675", "J_Precision": "1", "K_Etat": "F", "L_Mesures": "N", "Lien_données": "", "Matériel": "", "Nature_sol": "", "TAF habité?": "", "T_Période de relevés": "", "Tnn": "", "Tnn (date)": "", "Tnn_Source données": "", "Altitude": 1417, "Profondeur": 34, "Superficie_ha": 33.6, "Photo": "pionchenu","Photo_source": "Forum Infoclimat - non datée"  }, "geometry": { "type": "Point", "coordinates": [ 5.477934327772675, 44.914666798017876, 0.0 ] } },
{ "type": "Feature", "properties": { "A_Nom": "Pla du Boum", "B_Massif": "Pyrénées", "C_Sous_ensemble": "Pays de Sault", "E_Departement": "11", "F_Commune": "Comus", "G_INSEE": "11096", "I_Coordonnees": "42.82601300977092;1.909203419747414", "J_Precision": "1", "K_Etat": "F", "L_Mesures": "O", "Lien_données": "", "Matériel": "", "Nature_sol": "", "TAF habité?": "", "T_Période de relevés": "", "Tnn": "", "Tnn (date)": "", "Tnn_Source données": "", "Altitude": 1244, "Profondeur": 62, "Superficie_ha": 156.3 }, "geometry": { "type": "Point", "coordinates": [ 1.909203419747414, 42.826013009770918, 0.0 ] } },
{ "type": "Feature", "properties": { "A_Nom": "Plaine de Chanet - Le Fraisse", "B_Massif": "Massif Central", "C_Sous_ensemble": "Causse Méjean", "E_Departement": "48", "F_Commune": "Mas-Saint-Chély", "G_INSEE": "48141", "I_Coordonnees": "44.28216270528414;3.450451890913023", "J_Precision": "1", "K_Etat": "F", "L_Mesures": "O", "Lien_données": "https://www.infoclimat.fr/observations-meteo/temps-reel/mas-saint-chely-causse-mejean/000VE.html", "Matériel": "Talkpool OY1110", "Nature_sol": "j9 Portlandien - Calcaire blanc et R formations résiduelles", "TAF habité?": "oui", "T_Période de relevés": "01/03/2021 - en cours", "Tnn": "-18,1", "Tnn (date)": "09/02/2025", "Tnn_Source données": "https://www.infoclimat.fr/climatologie/normales-records/1991-2020/mas-saint-chely-causse-mejean/valeurs/000VE.html", "Altitude": 914, "Profondeur": 13, "Superficie_ha": 125.1 }, "geometry": { "type": "Point", "coordinates": [ 3.450451890913023, 44.282162705284136, 0.0 ] } },
{ "type": "Feature", "properties": { "A_Nom": "Plaine de Chanfroy", "B_Massif": "Bassin Parisien", "C_Sous_ensemble": "", "E_Departement": "77", "F_Commune": "Arbonne-la-Forêt", "G_INSEE": "77006", "I_Coordonnees": "48.395906;2.56915", "J_Precision": "2", "K_Etat": "O", "L_Mesures": "?", "Lien_données": "", "Matériel": "", "Nature_sol": "Formations sableuses dérivant pour l'essentiel des Sables de Fontainebleau g2a-b", "TAF habité?": "non", "T_Période de relevés": "", "Tnn": "", "Tnn (date)": "", "Tnn_Source données": "", "Altitude": 72, "Profondeur": null, "Superficie_ha": 300.0 }, "geometry": { "type": "Point", "coordinates": [ 2.56915, 48.395906, 0.0 ] } },
{ "type": "Feature", "properties": { "A_Nom": "Plaine de la Dune de la Pyramide", "B_Massif": "Bassin Parisien", "C_Sous_ensemble": "", "E_Departement": "80", "F_Commune": "Saint-Quentin-en-Tourmont", "G_INSEE": "80713", "I_Coordonnees": "50.28410641934979;1.551217198992569", "J_Precision": "1", "K_Etat": "F", "L_Mesures": "N", "Lien_données": "", "Matériel": "", "Nature_sol": "Dz1 - Dz2 Plaine de sable; Dunes", "TAF habité?": "non", "T_Période de relevés": "", "Tnn": "", "Tnn (date)": "", "Tnn_Source données": "", "Altitude": 9, "Profondeur": 2, "Superficie_ha": 83.6 }, "geometry": { "type": "Point", "coordinates": [ 1.551217198992569, 50.28410641934979, 0.0 ] } },
{ "type": "Feature", "properties": { "A_Nom": "Plaine de Lente - Pot de la Chaume", "B_Massif": "Alpes", "C_Sous_ensemble": "Vercors", "E_Departement": "26", "F_Commune": "Bouvante", "G_INSEE": "26059", "I_Coordonnees": "44.94240232433658;5.310675859269772", "J_Precision": "1", "K_Etat": "F", "L_Mesures": "O", "Lien_données": "", "Matériel": "", "Nature_sol": "", "TAF habité?": "", "T_Période de relevés": "", "Tnn": "", "Tnn (date)": "", "Tnn_Source données": "", "Altitude": 1075, "Profondeur": 18, "Superficie_ha": 32.8 }, "geometry": { "type": "Point", "coordinates": [ 5.310675859269772, 44.942402324336577, 0.0 ] } },
{ "type": "Feature", "properties": { "A_Nom": "Plaine de Randanne", "B_Massif": "Massif Central", "C_Sous_ensemble": "Chaîne des Puys", "E_Departement": "63", "F_Commune": "Aydat", "G_INSEE": "63026", "I_Coordonnees": "45.688118;2.956702", "J_Precision": "1", "K_Etat": "F", "L_Mesures": "O", "Lien_données": "https://www.infoclimat.fr/observations-meteo/temps-reel/aydat-plaine-de-randanne/STATIC0487.html", "Matériel": "Dragino LSN50-V2", "Nature_sol": "Tourbe et diatomite (Randannite) issue d'un lac fossile", "TAF habité?": "non", "T_Période de relevés": "06/08/2026 - en cours", "Tnn": "", "Tnn (date)": "", "Tnn_Source données": "", "Altitude": 947, "Profondeur": 11, "Superficie_ha": 42.3 }, "geometry": { "type": "Point", "coordinates": [ 2.956707906633942, 45.688117954533823, 0.0 ] } },
{ "type": "Feature", "properties": { "A_Nom": "Plaine du Dran", "B_Massif": "Alpes", "C_Sous_ensemble": "Aravis", "E_Departement": "74", "F_Commune": "La Balme-de-Thuy", "G_INSEE": "74027", "I_Coordonnees": "45.946155;6.318512", "J_Precision": "1", "K_Etat": "F", "L_Mesures": "N", "Lien_données": "", "Matériel": "", "Nature_sol": "", "TAF habité?": "", "T_Période de relevés": "", "Tnn": "", "Tnn (date)": "", "Tnn_Source données": "", "Altitude": 1397, "Profondeur": 10, "Superficie_ha": 5.2 }, "geometry": { "type": "Point", "coordinates": [ 6.318512, 45.946155, 0.0 ] } },
{ "type": "Feature", "properties": { "A_Nom": "Plaine/Prairie du Play", "B_Massif": "Alpes", "C_Sous_ensemble": "Vercors", "E_Departement": "26", "F_Commune": "Saint-Agnan-en-Vercors", "G_INSEE": "26290", "I_Coordonnees": "44.942893874655184;5.459864663658172", "J_Precision": "1", "K_Etat": "F", "L_Mesures": "O", "Lien_données": "", "Matériel": "", "Nature_sol": "", "TAF habité?": "non", "T_Période de relevés": "", "Tnn": "-27,2", "Tnn (date)": "01/2021", "Tnn_Source données": "Richard Gastinel - https://forums.infoclimat.fr/f/topic/32413-les-trous-%C3%A0-froid-en-france/?do=findComment&comment=3392761", "Altitude": 1322, "Profondeur": 16, "Superficie_ha": 14.0 }, "geometry": { "type": "Point", "coordinates": [ 5.459864663658172, 44.942893874655184, 0.0 ] } },
{ "type": "Feature", "properties": { "A_Nom": "Plaines du Tisserand", "B_Massif": "Alpes", "C_Sous_ensemble": "Vercors", "E_Departement": "38", "F_Commune": "Chichilianne", "G_INSEE": "38930", "I_Coordonnees": "44.780678678220355;5.541671436559244", "J_Precision": "1", "K_Etat": "F", "L_Mesures": "N", "Lien_données": "", "Matériel": "", "Nature_sol": "n4a2B. Calcaires bioclastiques lités ou massifs", "TAF habité?": "non", "T_Période de relevés": "", "Tnn": "", "Tnn (date)": "", "Tnn_Source données": "", "Altitude": 1832, "Profondeur": 25, "Superficie_ha": 12.1 }, "geometry": { "type": "Point", "coordinates": [ 5.541671436559244, 44.780678678220355, 0.0 ] } },
{ "type": "Feature", "properties": { "A_Nom": "Plan de Chauvet", "B_Massif": "Alpes", "C_Sous_ensemble": "Chambeyron", "E_Departement": "04", "F_Commune": "Saint-Paul-sur-Ubaye", "G_INSEE": "04193", "I_Coordonnees": "44.55077336415352;6.840215389761637", "J_Precision": "1", "K_Etat": "F", "L_Mesures": "O", "Lien_données": "", "Matériel": "", "Nature_sol": "", "TAF habité?": "", "T_Période de relevés": "", "Tnn": "", "Tnn (date)": "", "Tnn_Source données": "", "Altitude": 2758, "Profondeur": 18, "Superficie_ha": 2.8 }, "geometry": { "type": "Point", "coordinates": [ 6.840215389761637, 44.550773364153521, 0.0 ] } },
{ "type": "Feature", "properties": { "A_Nom": "Plan de la Porte", "B_Massif": "Alpes", "C_Sous_ensemble": "Vanoise", "E_Departement": "73", "F_Commune": "Saint-Bon-Tarentaise", "G_INSEE": "73227", "I_Coordonnees": "45.39467432532093;6.675673005516674", "J_Precision": "1", "K_Etat": "F", "L_Mesures": "N", "Lien_données": "", "Matériel": "", "Nature_sol": "tC2\tZone briançonnaise - Anisien supérieur : calcaires et dolomies & tG(4)\tNappe des Gypses", "TAF habité?": "non", "T_Période de relevés": "", "Tnn": "", "Tnn (date)": "", "Tnn_Source données": "", "Altitude": 1764, "Profondeur": 15, "Superficie_ha": 4.1 }, "geometry": { "type": "Point", "coordinates": [ 6.675673005516674, 45.394674325320928, 0.0 ] } },
{ "type": "Feature", "properties": { "A_Nom": "Plan du Peyron", "B_Massif": "Alpes", "C_Sous_ensemble": "Préalpes de Castellane", "E_Departement": "06", "F_Commune": "Gréolières", "G_INSEE": "06070", "I_Coordonnees": "43.811059;6.883172", "J_Precision": "2", "K_Etat": "O", "L_Mesures": "N", "Lien_données": "", "Matériel": "", "Nature_sol": "", "TAF habité?": "", "T_Période de relevés": "", "Tnn": "", "Tnn (date)": "", "Tnn_Source données": "", "Altitude": 1130, "Profondeur": null, "Superficie_ha": null }, "geometry": { "type": "Point", "coordinates": [ 6.883172, 43.811059, 0.0 ] } },
{ "type": "Feature", "properties": { "A_Nom": "Plateau de Sault-Aygalats", "B_Massif": "Pyrénées", "C_Sous_ensemble": "Pays de Sault", "E_Departement": "11", "F_Commune": "Roquefeuil", "G_INSEE": "11320", "I_Coordonnees": "42.857687250377595;1.999743810646566", "J_Precision": "1", "K_Etat": "F", "L_Mesures": "N", "Lien_données": "", "Matériel": "", "Nature_sol": "", "TAF habité?": "", "T_Période de relevés": "", "Tnn": "", "Tnn (date)": "", "Tnn_Source données": "", "Altitude": 856, "Profondeur": 20, "Superficie_ha": 278.0 }, "geometry": { "type": "Point", "coordinates": [ 1.999743810646566, 42.857687250377595, 0.0 ] } },
{ "type": "Feature", "properties": { "A_Nom": "Poljé - Les paluds", "B_Massif": "Alpes", "C_Sous_ensemble": "Sainte-Baume", "E_Departement": "13", "F_Commune": "Cuges-les-Pins", "G_INSEE": "13030", "I_Coordonnees": "43.26582489511748;5.680570835366524", "J_Precision": "1", "K_Etat": "F", "L_Mesures": "N", "Lien_données": "", "Matériel": "", "Nature_sol": "", "TAF habité?": "", "T_Période de relevés": "", "Tnn": "", "Tnn (date)": "", "Tnn_Source données": "", "Altitude": 157, "Profondeur": 61, "Superficie_ha": 608.3 }, "geometry": { "type": "Point", "coordinates": [ 5.680570835366524, 43.265824895117483, 0.0 ] } },
{ "type": "Feature", "properties": { "A_Nom": "Poljé de Lahondo", "B_Massif": "Pyrénées", "C_Sous_ensemble": "Pays Basque", "E_Departement": "64", "F_Commune": "Hosta", "G_INSEE": "64265", "I_Coordonnees": "43.13982328446614;-1.051955106559834", "J_Precision": "1", "K_Etat": "F", "L_Mesures": "N", "Lien_données": "", "Matériel": "", "Nature_sol": "", "TAF habité?": "", "T_Période de relevés": "", "Tnn": "", "Tnn (date)": "", "Tnn_Source données": "", "Altitude": 827, "Profondeur": 111, "Superficie_ha": 127.3 }, "geometry": { "type": "Point", "coordinates": [ -1.051955106559834, 43.139823284466139, 0.0 ] } },
{ "type": "Feature", "properties": { "A_Nom": "Pont d'Arsine", "B_Massif": "Alpes", "C_Sous_ensemble": "Ecrins", "E_Departement": "05", "F_Commune": "Villar d'Arêne", "G_INSEE": "05181", "I_Coordonnees": "45.030901;6.36164", "J_Precision": "1", "K_Etat": "O", "L_Mesures": "O", "Lien_données": "https://www.infoclimat.fr/observations-meteo/temps-reel/villar-d-arene/MF05181002.html", "Matériel": "", "Nature_sol": "", "TAF habité?": "oui", "T_Période de relevés": "10/01/2002 - en cours", "Tnn": "-29,6", "Tnn (date)": "05/02/2012", "Tnn_Source données": "https://www.infoclimat.fr/climatologie/normales-records/1991-2020/villar-d-arene/valeurs/MF05181002.html", "Altitude": 1665, "Profondeur": null, "Superficie_ha": null }, "geometry": { "type": "Point", "coordinates": [ 6.36164, 45.030901, 0.0 ] } },
{ "type": "Feature", "properties": { "A_Nom": "Prairie d'Echallon", "B_Massif": "Jura", "C_Sous_ensemble": "Ain", "E_Departement": "01", "F_Commune": "Echallon", "G_INSEE": "01152", "I_Coordonnees": "46.254771943170546;5.737446802775632", "J_Precision": "1", "K_Etat": "F", "L_Mesures": "N", "Lien_données": "", "Matériel": "", "Nature_sol": "", "TAF habité?": "", "T_Période de relevés": "", "Tnn": "", "Tnn (date)": "", "Tnn_Source données": "", "Altitude": 910, "Profondeur": 10, "Superficie_ha": 37.6 }, "geometry": { "type": "Point", "coordinates": [ 5.737446802775632, 46.254771943170546, 0.0 ] } },
{ "type": "Feature", "properties": { "A_Nom": "Prairie de la Courade et la Prade", "B_Massif": "Pyrénées", "C_Sous_ensemble": "Pyrénnées", "E_Departement": "65", "F_Commune": "Gavarnie-Gèdre", "G_INSEE": "65190", "I_Coordonnees": "42.715602;-0.010227", "J_Precision": "2", "K_Etat": "O", "L_Mesures": "O", "Lien_données": "", "Matériel": "", "Nature_sol": "", "TAF habité?": "", "T_Période de relevés": "", "Tnn": "", "Tnn (date)": "", "Tnn_Source données": "", "Altitude": 1410, "Profondeur": null, "Superficie_ha": null }, "geometry": { "type": "Point", "coordinates": [ -0.010227, 42.715602, 0.0 ] } },
{ "type": "Feature", "properties": { "A_Nom": "Prairies de Condren", "B_Massif": "Bassin Parisien", "C_Sous_ensemble": "", "E_Departement": "02", "F_Commune": "Amigny-Rouy", "G_INSEE": "02014", "I_Coordonnees": "49.624478;3.295298", "J_Precision": "1", "K_Etat": "O", "L_Mesures": "O", "Lien_données": "", "Matériel": "Dragino LSN50-V2", "Nature_sol": "Alluvions (Fz)  en partie issus de l'Yprésien supérieur : Cuisien Sables de Cuise", "TAF habité?": "oui", "T_Période de relevés": "21/09/2024 - en cours", "Tnn": "", "Tnn (date)": "", "Tnn_Source données": "https://www.infoclimat.fr/observations-meteo/temps-reel/amigny-rouy-prairies-de-condren/STATIC0316.html", "Altitude": 44, "Profondeur": null, "Superficie_ha": null }, "geometry": { "type": "Point", "coordinates": [ 3.295298, 49.624478, 0.0 ] } },
{ "type": "Feature", "properties": { "A_Nom": "Pré de Bière - Mont Tendre", "B_Massif": "Jura", "C_Sous_ensemble": "Jura Vaudois", "E_Departement": "", "F_Commune": "Le Chenit", "G_INSEE": "Suisse", "I_Coordonnees": "46.562185;6.25064", "J_Precision": "1", "K_Etat": "F", "L_Mesures": "?", "Lien_données": "", "Matériel": "", "Nature_sol": "", "TAF habité?": "", "T_Période de relevés": "", "Tnn": "", "Tnn (date)": "", "Tnn_Source données": "", "Altitude": 1320, "Profondeur": 20, "Superficie_ha": 60.0 }, "geometry": { "type": "Point", "coordinates": [ 6.25064, 46.562185, 0.0 ] } },
{ "type": "Feature", "properties": { "A_Nom": "Pré de l'Achard", "B_Massif": "Alpes", "C_Sous_ensemble": "Vercors", "E_Departement": "38", "F_Commune": "Villard-de-Lans", "G_INSEE": "38250", "I_Coordonnees": "45.01555300302355;5.57572892589297", "J_Precision": "1", "K_Etat": "F", "L_Mesures": "O", "Lien_données": "", "Matériel": "", "Nature_sol": "n5-4U : Calcaire Urgonien", "TAF habité?": "", "T_Période de relevés": "", "Tnn": "", "Tnn (date)": "", "Tnn_Source données": "", "Altitude": 1804, "Profondeur": 48, "Superficie_ha": 6.6 }, "geometry": { "type": "Point", "coordinates": [ 5.57572892589297, 45.015553003023548, 0.0 ] } },
{ "type": "Feature", "properties": { "A_Nom": "Pré Mouret/Clos Michet", "B_Massif": "Alpes", "C_Sous_ensemble": "Vercors", "E_Departement": "38", "F_Commune": "Malleval-en-Vercors", "G_INSEE": "38216", "I_Coordonnees": "45.13096584364365;5.425377770866667", "J_Precision": "1", "K_Etat": "F", "L_Mesures": "O", "Lien_données": "", "Matériel": "Elitech", "Nature_sol": "n4-5U calcaires massifs de l'Urgonien", "TAF habité?": "non", "T_Période de relevés": "", "Tnn": "-25", "Tnn (date)": "04/01/2025", "Tnn_Source données": "", "Altitude": 1176, "Profondeur": 26, "Superficie_ha": 31.3 }, "geometry": { "type": "Point", "coordinates": [ 5.425377770866667, 45.130965843643651, 0.0 ] } },
{ "type": "Feature", "properties": { "A_Nom": "Prénovel de Bise", "B_Massif": "Jura", "C_Sous_ensemble": "Jura", "E_Departement": "39", "F_Commune": "Nanchez", "G_INSEE": "39130", "I_Coordonnees": "46.522364;5.857269", "J_Precision": "3", "K_Etat": "O", "L_Mesures": "?", "Lien_données": "", "Matériel": "", "Nature_sol": "", "TAF habité?": "", "T_Période de relevés": "", "Tnn": "", "Tnn (date)": "", "Tnn_Source données": "", "Altitude": 884, "Profondeur": null, "Superficie_ha": null }, "geometry": { "type": "Point", "coordinates": [ 5.857269, 46.522364, 0.0 ] } },
{ "type": "Feature", "properties": { "A_Nom": "Prés Coulon/Prés Boirons", "B_Massif": "Jura", "C_Sous_ensemble": "Jura", "E_Departement": "39", "F_Commune": "Mignovillard", "G_INSEE": "39331", "I_Coordonnees": "46.78657229078324;6.150703716210613", "J_Precision": "1", "K_Etat": "F", "L_Mesures": "O", "Lien_données": "", "Matériel": "", "Nature_sol": "", "TAF habité?": "", "T_Période de relevés": "", "Tnn": "", "Tnn (date)": "", "Tnn_Source données": "", "Altitude": 877, "Profondeur": 14, "Superficie_ha": 12.9 }, "geometry": { "type": "Point", "coordinates": [ 6.150703716210613, 46.786572290783241, 0.0 ] } },
{ "type": "Feature", "properties": { "A_Nom": "Prés de la Rixouse", "B_Massif": "Jura", "C_Sous_ensemble": "Jura", "E_Departement": "39", "F_Commune": "La Rixouse", "G_INSEE": "39460", "I_Coordonnees": "46.470686;5.853127", "J_Precision": "1", "K_Etat": "F", "L_Mesures": "O", "Lien_données": "", "Matériel": "", "Nature_sol": "", "TAF habité?": "", "T_Période de relevés": "", "Tnn": "", "Tnn (date)": "", "Tnn_Source données": "", "Altitude": null, "Profondeur": null, "Superficie_ha": null }, "geometry": { "type": "Point", "coordinates": [ 5.853127, 46.470686, 0.0 ] } },
{ "type": "Feature", "properties": { "A_Nom": "Prés Masson", "B_Massif": "Jura", "C_Sous_ensemble": "Jura", "E_Departement": "25", "F_Commune": "Chapelle d'Huin", "G_INSEE": "25122", "I_Coordonnees": "46.91628176701484;6.158392328420009", "J_Precision": "1", "K_Etat": "F", "L_Mesures": "N", "Lien_données": "", "Matériel": "", "Nature_sol": "", "TAF habité?": "", "T_Période de relevés": "", "Tnn": "", "Tnn (date)": "", "Tnn_Source données": "", "Altitude": 802, "Profondeur": 11, "Superficie_ha": 25.1 }, "geometry": { "type": "Point", "coordinates": [ 6.158392328420009, 46.916281767014837, 0.0 ] } },
{ "type": "Feature", "properties": { "A_Nom": "Puy de Côme", "B_Massif": "Massif Central", "C_Sous_ensemble": "Monts Dôme", "E_Departement": "63", "F_Commune": "Ceyssat", "G_INSEE": "63071", "I_Coordonnees": "45.79686612184419;2.940504866815274", "J_Precision": "1", "K_Etat": "F", "L_Mesures": "N", "Lien_données": "", "Matériel": "", "Nature_sol": "", "TAF habité?": "", "T_Période de relevés": "", "Tnn": "", "Tnn (date)": "", "Tnn_Source données": "", "Altitude": 1176, "Profondeur": 16, "Superficie_ha": 1.1 }, "geometry": { "type": "Point", "coordinates": [ 2.940504866815274, 45.796866121844189, 0.0 ] } },
{ "type": "Feature", "properties": { "A_Nom": "Puy de Jume", "B_Massif": "Massif Central", "C_Sous_ensemble": "Monts Dôme", "E_Departement": "63", "F_Commune": "St-Ours", "G_INSEE": "63381", "I_Coordonnees": "45.84847505842938;2.966813152845503", "J_Precision": "1", "K_Etat": "F", "L_Mesures": "N", "Lien_données": "", "Matériel": "", "Nature_sol": "", "TAF habité?": "", "T_Période de relevés": "", "Tnn": "", "Tnn (date)": "", "Tnn_Source données": "", "Altitude": 1099, "Profondeur": 19, "Superficie_ha": 2.0 }, "geometry": { "type": "Point", "coordinates": [ 2.966813152845503, 45.848475058429379, 0.0 ] } },
{ "type": "Feature", "properties": { "A_Nom": "Puy des Goules", "B_Massif": "Massif Central", "C_Sous_ensemble": "Monts Dôme", "E_Departement": "63", "F_Commune": "Orcines", "G_INSEE": "63263", "I_Coordonnees": "45.80892842765404;2.979108096639614", "J_Precision": "1", "K_Etat": "F", "L_Mesures": "N", "Lien_données": "", "Matériel": "", "Nature_sol": "", "TAF habité?": "", "T_Période de relevés": "", "Tnn": "", "Tnn (date)": "", "Tnn_Source données": "", "Altitude": 1112, "Profondeur": 13, "Superficie_ha": 1.9 }, "geometry": { "type": "Point", "coordinates": [ 2.979108096639614, 45.808928427654038, 0.0 ] } },
{ "type": "Feature", "properties": { "A_Nom": "Puy Pariou", "B_Massif": "Massif Central", "C_Sous_ensemble": "Monts Dôme", "E_Departement": "63", "F_Commune": "Orcines", "G_INSEE": "63263", "I_Coordonnees": "45.79696825074805;2.971497899203962", "J_Precision": "1", "K_Etat": "F", "L_Mesures": "O", "Lien_données": "", "Matériel": "", "Nature_sol": "", "TAF habité?": "non", "T_Période de relevés": "", "Tnn": "", "Tnn (date)": "", "Tnn_Source données": "", "Altitude": 1118, "Profondeur": 44, "Superficie_ha": 4.4 }, "geometry": { "type": "Point", "coordinates": [ 2.971497899203962, 45.796968250748051, 0.0 ] } },
{ "type": "Feature", "properties": { "A_Nom": "Réserve du Vénec - Yeun Elez", "B_Massif": "Armoricain", "C_Sous_ensemble": "Monts d'Arrée", "E_Departement": "29", "F_Commune": "Brennilis", "G_INSEE": "29018", "I_Coordonnees": "48.363829;-3.881502", "J_Precision": "1", "K_Etat": "F", "L_Mesures": "O", "Lien_données": "", "Matériel": "", "Nature_sol": "", "TAF habité?": "", "T_Période de relevés": "", "Tnn": "", "Tnn (date)": "", "Tnn_Source données": "", "Altitude": 225, "Profondeur": null, "Superficie_ha": null }, "geometry": { "type": "Point", "coordinates": [ -3.881502, 48.363829, 0.0 ] } },
{ "type": "Feature", "properties": { "A_Nom": "Rimeize", "B_Massif": "Massif Central", "C_Sous_ensemble": "Margeride", "E_Departement": "48", "F_Commune": "Rimeize", "G_INSEE": "48128", "I_Coordonnees": "44.765568;3.327008", "J_Precision": "2", "K_Etat": "O", "L_Mesures": "O", "Lien_données": "", "Matériel": "", "Nature_sol": "", "TAF habité?": "", "T_Période de relevés": "", "Tnn": "", "Tnn (date)": "", "Tnn_Source données": "", "Altitude": 936, "Profondeur": null, "Superficie_ha": null }, "geometry": { "type": "Point", "coordinates": [ 3.327008, 44.765568, 0.0 ] } },
{ "type": "Feature", "properties": { "A_Nom": "Ristolas", "B_Massif": "Alpes", "C_Sous_ensemble": "Queyras", "E_Departement": "05", "F_Commune": "Abriès-Ristolas", "G_INSEE": "05001", "I_Coordonnees": "44.772639;6.958959", "J_Precision": "2", "K_Etat": "O", "L_Mesures": "O", "Lien_données": "", "Matériel": "", "Nature_sol": "", "TAF habité?": "oui", "T_Période de relevés": "01/10/2004 - en cours", "Tnn": "-26", "Tnn (date)": "28/02/2018", "Tnn_Source données": "https://www.infoclimat.fr/climatologie/normales-records/1991-2020/ristolas/valeurs/MF05120002.html", "Altitude": 1610, "Profondeur": null, "Superficie_ha": null }, "geometry": { "type": "Point", "coordinates": [ 6.958959, 44.772639, 0.0 ] } },
{ "type": "Feature", "properties": { "A_Nom": "Rue des Combes", "B_Massif": "Jura", "C_Sous_ensemble": "Jura", "E_Departement": "25", "F_Commune": "Maîche", "G_INSEE": "25356", "I_Coordonnees": "47.24128717966853;6.805605130456011", "J_Precision": "1", "K_Etat": "F", "L_Mesures": "N", "Lien_données": "", "Matériel": "", "Nature_sol": "", "TAF habité?": "", "T_Période de relevés": "", "Tnn": "", "Tnn (date)": "", "Tnn_Source données": "", "Altitude": 786, "Profondeur": 16, "Superficie_ha": 34.0 }, "geometry": { "type": "Point", "coordinates": [ 6.805605130456011, 47.241287179668532, 0.0 ] } },
{ "type": "Feature", "properties": { "A_Nom": "Ruisseau du Pièbre", "B_Massif": "Massif Central", "C_Sous_ensemble": "Monts du Vivarais", "E_Departement": "07", "F_Commune": "Lachapelle-Graillouse", "G_INSEE": "07121", "I_Coordonnees": "44.806754;4.010493", "J_Precision": "2", "K_Etat": "O", "L_Mesures": "O", "Lien_données": "", "Matériel": "", "Nature_sol": "", "TAF habité?": "", "T_Période de relevés": "", "Tnn": "", "Tnn (date)": "", "Tnn_Source données": "", "Altitude": 1109, "Profondeur": null, "Superficie_ha": null }, "geometry": { "type": "Point", "coordinates": [ 4.010493, 44.806754, 0.0 ] } },
{ "type": "Feature", "properties": { "A_Nom": "Sägistalsee", "B_Massif": "Alpes", "C_Sous_ensemble": "Berner Alpen", "E_Departement": "", "F_Commune": "Gündlischwand", "G_INSEE": "", "I_Coordonnees": "46.679816;7.976203", "J_Precision": "1", "K_Etat": "F", "L_Mesures": "O", "Lien_données": "https://kaltluftseen.ch/saegistalsee-aktuelle-messwerte/", "Matériel": "SHT35 Sensirion", "Nature_sol": "marnes du Valanginien [n2]  et  marno-calcaires du Berriasien [n1], calcaires clairs, lités en gros bancs, du Tithonique [j6-9]", "TAF habité?": "non", "T_Période de relevés": "19/10/2021", "Tnn": "-42,4", "Tnn (date)": "20/01/2023", "Tnn_Source données": "https://kaltluftseen.ch/faq-private_station_guete_messung/", "Altitude": 1936, "Profondeur": 66, "Superficie_ha": 50.0 }, "geometry": { "type": "Point", "coordinates": [ 7.976203, 46.679816, 0.0 ] } },
{ "type": "Feature", "properties": { "A_Nom": "Sagnes du Fraud", "B_Massif": "Massif Central", "C_Sous_ensemble": "", "E_Departement": "63", "F_Commune": "Saint-Alyre-ès-Montagne", "G_INSEE": "63313", "I_Coordonnees": "45.393217;2.970171", "J_Precision": "2", "K_Etat": "O", "L_Mesures": "N", "Lien_données": "", "Matériel": "", "Nature_sol": "", "TAF habité?": "non", "T_Période de relevés": "", "Tnn": "", "Tnn (date)": "", "Tnn_Source données": "", "Altitude": 1237, "Profondeur": null, "Superficie_ha": null }, "geometry": { "type": "Point", "coordinates": [ 2.970171, 45.393217, 0.0 ] } },
{ "type": "Feature", "properties": { "A_Nom": "Sämtisersee", "B_Massif": "Alpes", "C_Sous_ensemble": "Appenzeller Alpen", "E_Departement": "", "F_Commune": "Schwende-Rüte", "G_INSEE": "", "I_Coordonnees": "47.271513;9.459764", "J_Precision": "1", "K_Etat": "F", "L_Mesures": "O", "Lien_données": "https://kaltluftseen.ch/daten-von-kaltluftseen/saemtisersee/", "Matériel": "", "Nature_sol": "", "TAF habité?": "oui", "T_Période de relevés": "02/04/2016 - en cours", "Tnn": "-33,4", "Tnn (date)": "07/01/2017", "Tnn_Source données": "", "Altitude": 1210, "Profondeur": 90, "Superficie_ha": 140.0 }, "geometry": { "type": "Point", "coordinates": [ 9.459764, 47.271513, 0.0 ] } },
{ "type": "Feature", "properties": { "A_Nom": "Saugues", "B_Massif": "Massif Central", "C_Sous_ensemble": "Margeride", "E_Departement": "43", "F_Commune": "Saugues", "G_INSEE": "43234", "I_Coordonnees": "44.962153;3.539244", "J_Precision": "3", "K_Etat": "O", "L_Mesures": "O", "Lien_données": "", "Matériel": "", "Nature_sol": "", "TAF habité?": "", "T_Période de relevés": "", "Tnn": "", "Tnn (date)": "", "Tnn_Source données": "", "Altitude": 926, "Profondeur": null, "Superficie_ha": null }, "geometry": { "type": "Point", "coordinates": [ 3.539244, 44.962153, 0.0 ] } },
{ "type": "Feature", "properties": { "A_Nom": "Sèche des Amburnex", "B_Massif": "Jura", "C_Sous_ensemble": "Jura Vaudois", "E_Departement": "", "F_Commune": "Le Chenit", "G_INSEE": "Suisse", "I_Coordonnees": "46.55306;6.221738", "J_Precision": "1", "K_Etat": "F", "L_Mesures": "O", "Lien_données": "", "Matériel": "", "Nature_sol": "", "TAF habité?": "non", "T_Période de relevés": "", "Tnn": "", "Tnn (date)": "", "Tnn_Source données": "", "Altitude": 1291, "Profondeur": 35, "Superficie_ha": 150.0 }, "geometry": { "type": "Point", "coordinates": [ 6.221738, 46.55306, 0.0 ] } },
{ "type": "Feature", "properties": { "A_Nom": "Selonnet village", "B_Massif": "Alpes", "C_Sous_ensemble": "Trois-Evêchés", "E_Departement": "04", "F_Commune": "Selonnet", "G_INSEE": "04203", "I_Coordonnees": "44.368869;6.316771", "J_Precision": "2", "K_Etat": "O", "L_Mesures": "O", "Lien_données": "", "Matériel": "", "Nature_sol": "", "TAF habité?": "", "T_Période de relevés": "", "Tnn": "", "Tnn (date)": "", "Tnn_Source données": "", "Altitude": 1065, "Profondeur": null, "Superficie_ha": null }, "geometry": { "type": "Point", "coordinates": [ 6.316771, 44.368869, 0.0 ] } },
{ "type": "Feature", "properties": { "A_Nom": "Serre de Fourcat", "B_Massif": "Massif Central", "C_Sous_ensemble": "Causse Méjean", "E_Departement": "48", "F_Commune": "Vebron", "G_INSEE": "48193", "I_Coordonnees": "44.2533335824929;3.541671642967149", "J_Precision": "1", "K_Etat": "F", "L_Mesures": "O", "Lien_données": "", "Matériel": "", "Nature_sol": "", "TAF habité?": "", "T_Période de relevés": "", "Tnn": "", "Tnn (date)": "", "Tnn_Source données": "", "Altitude": 1128, "Profondeur": 27, "Superficie_ha": 39.5 }, "geometry": { "type": "Point", "coordinates": [ 3.541671642967149, 44.2533335824929, 0.0 ] } },
{ "type": "Feature", "properties": { "A_Nom": "Sous les Mousses", "B_Massif": "Jura", "C_Sous_ensemble": "Jura", "E_Departement": "39", "F_Commune": "Viry", "G_INSEE": "39579", "I_Coordonnees": "46.26638360015086;5.729297039108876", "J_Precision": "1", "K_Etat": "F", "L_Mesures": "N", "Lien_données": "", "Matériel": "", "Nature_sol": "", "TAF habité?": "", "T_Période de relevés": "", "Tnn": "", "Tnn (date)": "", "Tnn_Source données": "", "Altitude": 809, "Profondeur": 33, "Superficie_ha": 53.2 }, "geometry": { "type": "Point", "coordinates": [ 5.729297039108876, 46.26638360015086, 0.0 ] } },
{ "type": "Feature", "properties": { "A_Nom": "Sous les Rochettes", "B_Massif": "Jura", "C_Sous_ensemble": "Jura", "E_Departement": "25", "F_Commune": "La Rivière-Drugeon", "G_INSEE": "25493", "I_Coordonnees": "46.89947990795044;6.187371966092376", "J_Precision": "1", "K_Etat": "F", "L_Mesures": "N", "Lien_données": "", "Matériel": "", "Nature_sol": "", "TAF habité?": "", "T_Période de relevés": "", "Tnn": "", "Tnn (date)": "", "Tnn_Source données": "", "Altitude": 822, "Profondeur": 29, "Superficie_ha": 106.3 }, "geometry": { "type": "Point", "coordinates": [ 6.187371966092376, 46.899479907950443, 0.0 ] } },
{ "type": "Feature", "properties": { "A_Nom": "St Alban - cuvette A", "B_Massif": "Massif Central", "C_Sous_ensemble": "Margeride", "E_Departement": "48", "F_Commune": "Saint-Alban-sur-Limagnole", "G_INSEE": "48132", "I_Coordonnees": "44.776518;3.384174", "J_Precision": "1", "K_Etat": "O", "L_Mesures": "O", "Lien_données": "", "Matériel": "", "Nature_sol": "", "TAF habité?": "oui", "T_Période de relevés": "1989 - en cours", "Tnn": "-25,7", "Tnn (date)": "01/03/2005", "Tnn_Source données": "https://www.infoclimat.fr/climatologie/normales-records/1991-2020/saint-alban-sur-limagnole/valeurs/000X5.html", "Altitude": 930, "Profondeur": null, "Superficie_ha": null }, "geometry": { "type": "Point", "coordinates": [ 3.384174, 44.776518, 0.0 ] } },
{ "type": "Feature", "properties": { "A_Nom": "St Alban - cuvette B", "B_Massif": "Massif Central", "C_Sous_ensemble": "Margeride", "E_Departement": "48", "F_Commune": "Saint-Alban-sur-Limagnole", "G_INSEE": "48132", "I_Coordonnees": "44.773727;3.408763", "J_Precision": "2", "K_Etat": "O", "L_Mesures": "?", "Lien_données": "", "Matériel": "", "Nature_sol": "", "TAF habité?": "", "T_Période de relevés": "", "Tnn": "", "Tnn (date)": "", "Tnn_Source données": "", "Altitude": 952, "Profondeur": null, "Superficie_ha": null }, "geometry": { "type": "Point", "coordinates": [ 3.408763, 44.773727, 0.0 ] } },
{ "type": "Feature", "properties": { "A_Nom": "St-Chély-d'Apcher", "B_Massif": "Massif Central", "C_Sous_ensemble": "Aubrac", "E_Departement": "48", "F_Commune": "St Chély d'Apcher", "G_INSEE": "48140", "I_Coordonnees": "44.800416;3.283367", "J_Precision": "2", "K_Etat": "O", "L_Mesures": "O", "Lien_données": "", "Matériel": "", "Nature_sol": "", "TAF habité?": "oui", "T_Période de relevés": "", "Tnn": "-32", "Tnn (date)": "03/02/1956", "Tnn_Source données": "Météo-France", "Altitude": 969, "Profondeur": null, "Superficie_ha": null }, "geometry": { "type": "Point", "coordinates": [ 3.283367, 44.800416, 0.0 ] } },
{ "type": "Feature", "properties": { "A_Nom": "St-Pierre", "B_Massif": "Jura", "C_Sous_ensemble": "Jura", "E_Departement": "39", "F_Commune": "Grande-Rivière Château", "G_INSEE": "39258", "I_Coordonnees": "46.553727961881435;5.912660304564197", "J_Precision": "1", "K_Etat": "F", "L_Mesures": "O", "Lien_données": "", "Matériel": "", "Nature_sol": "", "TAF habité?": "", "T_Période de relevés": "", "Tnn": "", "Tnn (date)": "", "Tnn_Source données": "", "Altitude": null, "Profondeur": null, "Superficie_ha": null }, "geometry": { "type": "Point", "coordinates": [ 5.912660304564197, 46.553727961881435, 0.0 ] } },
{ "type": "Feature", "properties": { "A_Nom": "Sturzelbronn - Grafenweiher", "B_Massif": "Vosges", "C_Sous_ensemble": "", "E_Departement": "57", "F_Commune": "Sturzelbronn", "G_INSEE": "57661", "I_Coordonnees": "49.02363;7.599621", "J_Precision": "1", "K_Etat": "O", "L_Mesures": "O", "Lien_données": "https://www.infoclimat.fr/observations-meteo/temps-reel/sturzelbronn-grafenweiher/STATIC0331.html", "Matériel": "Dragino LSN50-V2", "Nature_sol": "t1bT-Couches de Trifels : grès plus ou moins conglomératique, sableux à la base", "TAF habité?": "non", "T_Période de relevés": "17/11/2024 - en cours", "Tnn": "-9", "Tnn (date)": "14/01/2025", "Tnn_Source données": "https://www.infoclimat.fr/climatologie/normales-records/1991-2020/sturzelbronn-grafenweiher/valeurs/STATIC0331.html", "Altitude": 229, "Profondeur": 0, "Superficie_ha": 0.7 }, "geometry": { "type": "Point", "coordinates": [ 7.599621, 49.02363, 0.0 ] } },
{ "type": "Feature", "properties": { "A_Nom": "Teppe Ronde", "B_Massif": "Alpes", "C_Sous_ensemble": "Bauges", "E_Departement": "73", "F_Commune": "Les Déserts", "G_INSEE": "73230", "I_Coordonnees": "45.674845544485066;5.999041977115174", "J_Precision": "1", "K_Etat": "F", "L_Mesures": "O", "Lien_données": "https://forums.infoclimat.fr/f/topic/32413-les-trous-%C3%A0-froid-en-france/?do=findComment&comment=3933407", "Matériel": "Elitech", "Nature_sol": "n5-4 Urgonien - Calcaires", "TAF habité?": "non", "T_Période de relevés": "06/01/2025 - en cours", "Tnn": "-33", "Tnn (date)": "28/02/2018", "Tnn_Source données": "", "Altitude": 1348, "Profondeur": 19, "Superficie_ha": 2.8 }, "geometry": { "type": "Point", "coordinates": [ 5.999041977115174, 45.674845544485066, 0.0 ] } },
{ "type": "Feature", "properties": { "A_Nom": "Tête de l'Aupet - Vallon du Mas", "B_Massif": "Alpes", "C_Sous_ensemble": "Dévoluy", "E_Departement": "05", "F_Commune": "Dévoluy", "G_INSEE": "05139", "I_Coordonnees": "44.74650725819815;5.840525831229702", "J_Precision": "1", "K_Etat": "F", "L_Mesures": "N", "Lien_données": "", "Matériel": "", "Nature_sol": "", "TAF habité?": "", "T_Période de relevés": "", "Tnn": "", "Tnn (date)": "", "Tnn_Source données": "", "Altitude": 2048, "Profondeur": 50, "Superficie_ha": 6.2 }, "geometry": { "type": "Point", "coordinates": [ 5.840525831229702, 44.74650725819815, 0.0 ] } },
{ "type": "Feature", "properties": { "A_Nom": "Tourbière de Cessières-Montbavin", "B_Massif": "Bassin Parisien", "C_Sous_ensemble": "", "E_Departement": "02", "F_Commune": "Cessières-Suzy", "G_INSEE": "02153", "I_Coordonnees": "49.545139;3.510572", "J_Precision": "1", "K_Etat": "O", "L_Mesures": "O", "Lien_données": "https://www.infoclimat.fr/observations-meteo/temps-reel/cessieres-suzy-tourbiere-de-cessieres-montbavin/STATIC0184.html", "Matériel": "Dragino LSN50v2", "Nature_sol": "Tourbière acide", "TAF habité?": "non", "T_Période de relevés": "14/08/2023 - en cours", "Tnn": "-24,5", "Tnn (date)": "10-20/01/1985", "Tnn_Source données": "https://www.persee.fr/doc/htn_0018-439x_1986_num_4_1_2082", "Altitude": 70, "Profondeur": 0, "Superficie_ha": 0.6 }, "geometry": { "type": "Point", "coordinates": [ 3.510572, 49.545139, 0.0 ] } },
{ "type": "Feature", "properties": { "A_Nom": "Tourbière de Jemnaufaing", "B_Massif": "Vosges", "C_Sous_ensemble": "", "E_Departement": "88", "F_Commune": "Rochesson", "G_INSEE": "88120", "I_Coordonnees": "48.004883;6.824902", "J_Precision": "1", "K_Etat": "O", "L_Mesures": "N", "Lien_données": "", "Matériel": "", "Nature_sol": "", "TAF habité?": "non", "T_Période de relevés": "", "Tnn": "", "Tnn (date)": "", "Tnn_Source données": "", "Altitude": 998, "Profondeur": null, "Superficie_ha": 1.7 }, "geometry": { "type": "Point", "coordinates": [ 6.824902, 48.004883, 0.0 ] } },
{ "type": "Feature", "properties": { "A_Nom": "Tourbière de la Goutte Loiselot", "B_Massif": "Vosges", "C_Sous_ensemble": "", "E_Departement": "88", "F_Commune": "Granges-Aumontzey", "G_INSEE": "88218", "I_Coordonnees": "48.10101;6.850571", "J_Precision": "1", "K_Etat": "O", "L_Mesures": "N", "Lien_données": "", "Matériel": "", "Nature_sol": "", "TAF habité?": "", "T_Période de relevés": "", "Tnn": "", "Tnn (date)": "", "Tnn_Source données": "", "Altitude": 830, "Profondeur": null, "Superficie_ha": null }, "geometry": { "type": "Point", "coordinates": [ 6.850571, 48.10101, 0.0 ] } },
{ "type": "Feature", "properties": { "A_Nom": "Tourbière de la Norbière", "B_Massif": "Jura", "C_Sous_ensemble": "Jura", "E_Departement": "25", "F_Commune": "Chapelle-des-Bois", "G_INSEE": "25121", "I_Coordonnees": "46.60313395157569;6.08699606695413", "J_Precision": "1", "K_Etat": "F", "L_Mesures": "O", "Lien_données": "", "Matériel": "", "Nature_sol": "", "TAF habité?": "", "T_Période de relevés": "", "Tnn": "", "Tnn (date)": "", "Tnn_Source données": "", "Altitude": 1043, "Profondeur": 15, "Superficie_ha": 55.0 }, "geometry": { "type": "Point", "coordinates": [ 6.08699606695413, 46.603133951575693, 0.0 ] } },
{ "type": "Feature", "properties": { "A_Nom": "Tourbière de la Verrerie", "B_Massif": "Massif Central", "C_Sous_ensemble": "Monts du Vivarais", "E_Departement": "07", "F_Commune": "Burzet", "G_INSEE": "07045", "I_Coordonnees": "44.753433;4.198155", "J_Precision": "1", "K_Etat": "O", "L_Mesures": "?", "Lien_données": "", "Matériel": "", "Nature_sol": "", "TAF habité?": "", "T_Période de relevés": "", "Tnn": "", "Tnn (date)": "", "Tnn_Source données": "", "Altitude": 1255, "Profondeur": null, "Superficie_ha": null }, "geometry": { "type": "Point", "coordinates": [ 4.198155, 44.753433, 0.0 ] } },
{ "type": "Feature", "properties": { "A_Nom": "Tourbière de Sagne Redonde", "B_Massif": "Massif Central", "C_Sous_ensemble": "Monts du Vivarais", "E_Departement": "07", "F_Commune": "Lanarce", "G_INSEE": "07130", "I_Coordonnees": "44.75799;4.005709", "J_Precision": "1", "K_Etat": "O", "L_Mesures": "O", "Lien_données": "", "Matériel": "Talkpool OY1110", "Nature_sol": "Série ardéchoise : gneiss oeillés; C Colluvions périglaciaires des vallons", "TAF habité?": "non", "T_Période de relevés": "12/01/2021 - 21/02/2023", "Tnn": "-18,8", "Tnn (date)": "08/02/2023", "Tnn_Source données": "https://www.infoclimat.fr/climatologie/annee/2023/lanarce-tourbiere-de-sagne-redonde/valeurs/000UK.html", "Altitude": 1225, "Profondeur": null, "Superficie_ha": 18.0 }, "geometry": { "type": "Point", "coordinates": [ 4.005709, 44.75799, 0.0 ] } },
{ "type": "Feature", "properties": { "A_Nom": "Tourbière de Squainfaing", "B_Massif": "Vosges", "C_Sous_ensemble": "", "E_Departement": "88", "F_Commune": "Ban-sur-Meurthe-Clefcy", "G_INSEE": "88300", "I_Coordonnees": "48.12665538375101;6.984771091723603", "J_Precision": "1", "K_Etat": "F", "L_Mesures": "N", "Lien_données": "", "Matériel": "", "Nature_sol": "", "TAF habité?": "non", "T_Période de relevés": "", "Tnn": "", "Tnn (date)": "", "Tnn_Source données": "", "Altitude": 849, "Profondeur": 4, "Superficie_ha": 1.8 }, "geometry": { "type": "Point", "coordinates": [ 6.984771091723603, 48.126655383751007, 0.0 ] } },
{ "type": "Feature", "properties": { "A_Nom": "Tourbière des Douzes", "B_Massif": "Massif Central", "C_Sous_ensemble": "Lévézou", "E_Departement": "12", "F_Commune": "Saint-Laurent-de-Lévézou", "G_INSEE": "12236", "I_Coordonnees": "44.194296;2.904164", "J_Precision": "2", "K_Etat": "O", "L_Mesures": "O", "Lien_données": "", "Matériel": "", "Nature_sol": "", "TAF habité?": "", "T_Période de relevés": "", "Tnn": "", "Tnn (date)": "", "Tnn_Source données": "", "Altitude": 880, "Profondeur": null, "Superficie_ha": null }, "geometry": { "type": "Point", "coordinates": [ 2.904164, 44.194296, 0.0 ] } },
{ "type": "Feature", "properties": { "A_Nom": "Tourbière des Narces", "B_Massif": "Massif Central", "C_Sous_ensemble": "Monts de la Madeleine", "E_Departement": "03", "F_Commune": "Saint-Nicolas-des-Biefs", "G_INSEE": "03248", "I_Coordonnees": "46.068998;3.813263", "J_Precision": "2", "K_Etat": "O", "L_Mesures": "N", "Lien_données": "", "Matériel": "", "Nature_sol": "", "TAF habité?": "", "T_Période de relevés": "", "Tnn": "", "Tnn (date)": "", "Tnn_Source données": "", "Altitude": 995, "Profondeur": null, "Superficie_ha": null }, "geometry": { "type": "Point", "coordinates": [ 3.813263, 46.068998, 0.0 ] } },
{ "type": "Feature", "properties": { "A_Nom": "Tourbière des Rauzes", "B_Massif": "Massif Central", "C_Sous_ensemble": "Lévézou", "E_Departement": "12", "F_Commune": "Saint-Laurent-de-Lévézou", "G_INSEE": "12236", "I_Coordonnees": "44.244883;2.934261", "J_Precision": "1", "K_Etat": "O", "L_Mesures": "N", "Lien_données": "", "Matériel": "", "Nature_sol": "", "TAF habité?": "", "T_Période de relevés": "", "Tnn": "", "Tnn (date)": "", "Tnn_Source données": "", "Altitude": 830, "Profondeur": null, "Superficie_ha": null }, "geometry": { "type": "Point", "coordinates": [ 2.934261, 44.244883, 0.0 ] } },
{ "type": "Feature", "properties": { "A_Nom": "Tourbière du Longeyroux", "B_Massif": "Massif Central", "C_Sous_ensemble": "Plateau de Millevaches", "E_Departement": "19", "F_Commune": "Meymac", "G_INSEE": "19136", "I_Coordonnees": "45.600628;2.0854", "J_Precision": "2", "K_Etat": "O", "L_Mesures": "N", "Lien_données": "", "Matériel": "", "Nature_sol": "", "TAF habité?": "", "T_Période de relevés": "", "Tnn": "", "Tnn (date)": "", "Tnn_Source données": "", "Altitude": 867, "Profondeur": null, "Superficie_ha": null }, "geometry": { "type": "Point", "coordinates": [ 2.0854, 45.600628, 0.0 ] } },
{ "type": "Feature", "properties": { "A_Nom": "Unnamed basin", "B_Massif": "Andes", "C_Sous_ensemble": "Bolivian altiplano", "E_Departement": "", "F_Commune": "San Agustin", "G_INSEE": "", "I_Coordonnees": "-21.497877;-67.547464", "J_Precision": "1", "K_Etat": "F", "L_Mesures": "O", "Lien_données": "https://weatherman.hu/category/ninth-exile-bolivia-amplitude/", "Matériel": "LogTag UTRED30-16 data logger", "Nature_sol": "", "TAF habité?": "non", "T_Période de relevés": "17/09/2024 - 27/09/2024", "Tnn": "-19", "Tnn (date)": "27/09/2024", "Tnn_Source données": "", "Altitude": 4020, "Profondeur": 30, "Superficie_ha": 390.0 }, "geometry": { "type": "Point", "coordinates": [ -67.547464, -21.497877, 0.0 ] } },
{ "type": "Feature", "properties": { "A_Nom": "Uvernet-Fours", "B_Massif": "Alpes", "C_Sous_ensemble": "Mercantour", "E_Departement": "04", "F_Commune": "Uvernet-Fours", "G_INSEE": "04226", "I_Coordonnees": "44.368846;6.628631", "J_Precision": "3", "K_Etat": "O", "L_Mesures": "O", "Lien_données": "", "Matériel": "", "Nature_sol": "", "TAF habité?": "", "T_Période de relevés": "", "Tnn": "", "Tnn (date)": "", "Tnn_Source données": "", "Altitude": 1150, "Profondeur": null, "Superficie_ha": null }, "geometry": { "type": "Point", "coordinates": [ 6.628631, 44.368846, 0.0 ] } },
{ "type": "Feature", "properties": { "A_Nom": "Vacaresse", "B_Massif": "Massif Central", "C_Sous_ensemble": "Gard", "E_Departement": "30", "F_Commune": "Issirac", "G_INSEE": "30134", "I_Coordonnees": "44.273116;4.468252", "J_Precision": "1", "K_Etat": "O", "L_Mesures": "N", "Lien_données": "", "Matériel": "", "Nature_sol": "", "TAF habité?": "", "T_Période de relevés": "", "Tnn": "", "Tnn (date)": "", "Tnn_Source données": "", "Altitude": 225, "Profondeur": null, "Superficie_ha": null }, "geometry": { "type": "Point", "coordinates": [ 4.468252, 44.273116, 0.0 ] } },
{ "type": "Feature", "properties": { "A_Nom": "Vallon d'âne", "B_Massif": "Alpes", "C_Sous_ensemble": "Dévoluy", "E_Departement": "05", "F_Commune": "Dévoluy", "G_INSEE": "05139", "I_Coordonnees": "44.64337292944026;5.944282511582855", "J_Precision": "1", "K_Etat": "F", "L_Mesures": "O", "Lien_données": "https://www.infoclimat.fr/observations-meteo/temps-reel/saint-etienne-en-devoluy-vallon-d-ane/STATIC0032.html", "Matériel": "Dragino LSN50-V2", "Nature_sol": "C7b Rognacien. Calcaire lacustre, grès et marnes", "TAF habité?": "non", "T_Période de relevés": "28/04/2022 - en cours", "Tnn": "-30,8", "Tnn (date)": "20/01/2023", "Tnn_Source données": "Infoclimat", "Altitude": 1692, "Profondeur": 69, "Superficie_ha": 21.3 }, "geometry": { "type": "Point", "coordinates": [ 5.944282511582855, 44.643372929440261, 0.0 ] } },
{ "type": "Feature", "properties": { "A_Nom": "Valoviti Do", "B_Massif": "Alpes", "C_Sous_ensemble": "Alpes dinariques - Durmitor", "E_Departement": "", "F_Commune": "Virak", "G_INSEE": "", "I_Coordonnees": "43.131863;19.048973", "J_Precision": "1", "K_Etat": "F", "L_Mesures": "O", "Lien_données": "", "Matériel": "Dallas Semiconductor sensor", "Nature_sol": "Calcaires", "TAF habité?": "non", "T_Période de relevés": "11/2007 - 03/2015", "Tnn": "-40", "Tnn (date)": "04/01/2011", "Tnn_Source données": "https://www.researchgate.net/publication/330638059_An_investigation_of_winter_minimum_temperatures_in_the_mountains_of_Montenegro_A_case_study_from_the_karst_depression_of_Valoviti_Do_and_selected_mountain_stations_of_northern_Montenegro", "Altitude": 2018, "Profondeur": 80, "Superficie_ha": 30.0 }, "geometry": { "type": "Point", "coordinates": [ 19.048973, 43.131863, 0.0 ] } },
{ "type": "Feature", "properties": { "A_Nom": "Vassieux en Vercors lieu-dit Le Château", "B_Massif": "Alpes", "C_Sous_ensemble": "Vercors", "E_Departement": "26", "F_Commune": "Vassieux en Vercors", "G_INSEE": "26364", "I_Coordonnees": "44.90884573507742;5.392140431368128", "J_Precision": "1", "K_Etat": "F", "L_Mesures": "?", "Lien_données": "", "Matériel": "", "Nature_sol": "", "TAF habité?": "", "T_Période de relevés": "", "Tnn": "", "Tnn (date)": "", "Tnn_Source données": "", "Altitude": 1028, "Profondeur": 29, "Superficie_ha": 299.2 }, "geometry": { "type": "Point", "coordinates": [ 5.392140431368128, 44.908845735077421, 0.0 ] } },
{ "type": "Feature", "properties": { "A_Nom": "Vaux-et-Chantegrue", "B_Massif": "Jura", "C_Sous_ensemble": "Jura", "E_Departement": "25", "F_Commune": "Vaux-et-Chantegrue", "G_INSEE": "25592", "I_Coordonnees": "46.803201742119185;6.252551655254291", "J_Precision": "1", "K_Etat": "O", "L_Mesures": "O", "Lien_données": "", "Matériel": "SHT31 Sensirion", "Nature_sol": "", "TAF habité?": "oui", "T_Période de relevés": "15/01/2022 - 14/06/2024", "Tnn": "-21,1", "Tnn (date)": "13/01/2024", "Tnn_Source données": "https://www.infoclimat.fr/climatologie-mensuelle/000ZX/juin/2024/vaux-et-chantegrue.html", "Altitude": 865, "Profondeur": null, "Superficie_ha": null }, "geometry": { "type": "Point", "coordinates": [ 6.252551655254291, 46.803201742119185, 0.0 ] } },
{ "type": "Feature", "properties": { "A_Nom": "Vega de Liordes", "B_Massif": "Cordillère Cantabrique", "C_Sous_ensemble": "Picos de Europa", "E_Departement": "", "F_Commune": "Posada de Valdeón", "G_INSEE": "", "I_Coordonnees": "43.150805;-4.844906", "J_Precision": "1", "K_Etat": "F", "L_Mesures": "O", "Lien_données": "https://noromet.org/weatherstations/29121c47-5460-4f11-8e37-81987cc7a171", "Matériel": "", "Nature_sol": "", "TAF habité?": "non", "T_Période de relevés": "01/11/2012 - en cours", "Tnn": "-35,8", "Tnn (date)": "07/01/2021", "Tnn_Source données": "", "Altitude": 1872, "Profondeur": 77, "Superficie_ha": 66.0 }, "geometry": { "type": "Point", "coordinates": [ -4.844906, 43.150805, 0.0 ] } },
{ "type": "Feature", "properties": { "A_Nom": "Vermillère", "B_Massif": "Jura", "C_Sous_ensemble": "Jura", "E_Departement": "39", "F_Commune": "Bonnefontaine", "G_INSEE": "39800", "I_Coordonnees": "46.741111443721415;5.770158724188371", "J_Precision": "1", "K_Etat": "F", "L_Mesures": "N", "Lien_données": "", "Matériel": "", "Nature_sol": "", "TAF habité?": "", "T_Période de relevés": "", "Tnn": "", "Tnn (date)": "", "Tnn_Source données": "", "Altitude": 600, "Profondeur": 12, "Superficie_ha": 8.0 }, "geometry": { "type": "Point", "coordinates": [ 5.770158724188371, 46.741111443721415, 0.0 ] } },
{ "type": "Feature", "properties": { "A_Nom": "Vestide de Pal", "B_Massif": "Massif Central", "C_Sous_ensemble": "Monts du Vivarais", "E_Departement": "07", "F_Commune": "Montpezat-Sous-Bauzon", "G_INSEE": "07161", "I_Coordonnees": "44.739896;4.171335", "J_Precision": "2", "K_Etat": "F", "L_Mesures": "N", "Lien_données": "", "Matériel": "", "Nature_sol": "", "TAF habité?": "", "T_Période de relevés": "", "Tnn": "", "Tnn (date)": "", "Tnn_Source données": "", "Altitude": 1200, "Profondeur": null, "Superficie_ha": null }, "geometry": { "type": "Point", "coordinates": [ 4.171335, 44.739896, 0.0 ] } },
{ "type": "Feature", "properties": { "A_Nom": "Petit Puy Pariou", "B_Massif": "Massif Central", "C_Sous_ensemble": "Monts Dôme", "E_Departement": "63", "F_Commune": "Orcines", "G_INSEE": "63263", "I_Coordonnees": "45.799701;2.9701183", "J_Precision": "1", "K_Etat": "F", "L_Mesures": "O", "Lien_données": null, "Matériel": null, "Nature_sol": null, "TAF habité?": "non", "T_Période de relevés": null, "Tnn": null, "Tnn (date)": null, "Tnn_Source données": null, "Altitude": 1066, "Profondeur": 14, "Superficie_ha": 1.6 }, "geometry": { "type": "Point", "coordinates": [ 2.970119131853212, 45.799701023410258, 0.0 ] } },
{ "type": "Feature", "properties": { "A_Nom": "Puy de Montchal", "B_Massif": "Massif Central", "C_Sous_ensemble": "Chaîne des Puys", "E_Departement": "63", "F_Commune": "Besse-et-Saint-Anastaise", "G_INSEE": "63038", "I_Coordonnees": "45.48717;2.885521", "J_Precision": "1", "K_Etat": "F", "L_Mesures": "N", "Lien_données": null, "Matériel": null, "Nature_sol": null, "TAF habité?": "non", "T_Période de relevés": null, "Tnn": null, "Tnn (date)": null, "Tnn_Source données": null, "Altitude": 1336, "Profondeur": 18, "Superficie_ha": 1.4 }, "geometry": { "type": "Point", "coordinates": [ 2.885520680305791, 45.487173310287062, 0.0 ] } }
]
}
